-- phpMyAdmin SQL Dump
-- version 5.2.1
-- https://www.phpmyadmin.net/
--
-- Host: localhost
-- Generation Time: Mar 06, 2026 at 05:06 PM
-- Server version: 10.4.32-MariaDB
-- PHP Version: 8.0.30

SET SQL_MODE = "NO_AUTO_VALUE_ON_ZERO";
START TRANSACTION;
SET time_zone = "+00:00";


/*!40101 SET @OLD_CHARACTER_SET_CLIENT=@@CHARACTER_SET_CLIENT */;
/*!40101 SET @OLD_CHARACTER_SET_RESULTS=@@CHARACTER_SET_RESULTS */;
/*!40101 SET @OLD_COLLATION_CONNECTION=@@COLLATION_CONNECTION */;
/*!40101 SET NAMES utf8mb4 */;

--
-- Database: `school`
--

-- --------------------------------------------------------

--
-- Table structure for table `attendances`
--

CREATE TABLE `attendances` (
  `id` int(10) NOT NULL,
  `student_id` int(10) NOT NULL,
  `date` date NOT NULL DEFAULT current_timestamp(),
  `status` enum('PRESENT','ABSENT','LATE','SICK','PERMIT') NOT NULL DEFAULT 'PRESENT',
  `note` text DEFAULT NULL,
  `created_at` timestamp NOT NULL DEFAULT current_timestamp()
) ENGINE=InnoDB DEFAULT CHARSET=utf8mb4 COLLATE=utf8mb4_general_ci;

--
-- Dumping data for table `attendances`
--

INSERT INTO `attendances` (`id`, `student_id`, `date`, `status`, `note`, `created_at`) VALUES
(1, 1, '2026-02-18', 'PRESENT', '', '2026-02-19 04:29:33'),
(2, 1, '2026-02-19', 'PRESENT', '', '2026-02-19 04:29:59'),
(3, 2, '2026-02-18', 'PRESENT', '', '2026-02-19 04:29:33'),
(4, 2, '2026-02-19', 'PRESENT', '', '2026-02-19 04:29:59'),
(5, 3, '2026-02-18', 'PRESENT', '', '2026-02-19 04:29:33'),
(6, 3, '2026-02-19', 'PRESENT', '', '2026-02-19 04:29:59'),
(7, 4, '2026-02-18', 'PRESENT', '', '2026-02-19 04:29:33'),
(8, 4, '2026-02-19', 'PRESENT', '', '2026-02-19 04:29:59'),
(9, 5, '2026-02-18', 'PRESENT', '', '2026-02-19 04:29:33'),
(10, 5, '2026-02-19', 'ABSENT', '', '2026-02-19 04:29:59'),
(11, 6, '2026-02-18', 'PRESENT', '', '2026-02-19 04:29:33'),
(12, 6, '2026-02-19', 'PRESENT', '', '2026-02-19 04:29:59'),
(13, 7, '2026-02-18', 'PRESENT', '', '2026-02-19 04:29:33'),
(14, 7, '2026-02-19', 'LATE', '', '2026-02-19 04:29:59'),
(15, 8, '2026-02-18', 'PRESENT', '', '2026-02-19 04:29:33'),
(16, 8, '2026-02-19', 'PRESENT', '', '2026-02-19 04:29:59'),
(17, 9, '2026-02-18', 'PRESENT', '', '2026-02-19 04:29:33'),
(18, 9, '2026-02-19', 'PRESENT', '', '2026-02-19 04:29:59'),
(19, 10, '2026-02-18', 'PRESENT', '', '2026-02-19 04:29:33'),
(20, 10, '2026-02-19', 'ABSENT', '', '2026-02-19 04:29:59'),
(21, 11, '2026-02-18', 'PRESENT', '', '2026-02-19 04:29:33'),
(22, 11, '2026-02-19', 'PRESENT', '', '2026-02-19 04:29:59'),
(23, 12, '2026-02-18', 'PRESENT', '', '2026-02-19 04:29:33'),
(24, 12, '2026-02-19', 'PRESENT', '', '2026-02-19 04:29:59'),
(25, 13, '2026-02-18', 'PRESENT', '', '2026-02-19 04:29:33'),
(26, 13, '2026-02-19', 'PRESENT', '', '2026-02-19 04:29:59'),
(27, 14, '2026-02-18', 'PRESENT', '', '2026-02-19 04:29:33'),
(28, 14, '2026-02-19', 'LATE', '', '2026-02-19 04:29:59'),
(29, 15, '2026-02-18', 'PRESENT', '', '2026-02-19 04:29:33'),
(30, 15, '2026-02-19', 'ABSENT', '', '2026-02-19 04:29:59'),
(31, 16, '2026-02-18', 'PRESENT', '', '2026-02-19 04:29:33'),
(32, 16, '2026-02-19', 'PRESENT', '', '2026-02-19 04:29:59'),
(33, 17, '2026-02-18', 'PRESENT', '', '2026-02-19 04:29:33'),
(34, 17, '2026-02-19', 'PRESENT', '', '2026-02-19 04:29:59'),
(35, 18, '2026-02-18', 'PRESENT', '', '2026-02-19 04:29:33'),
(36, 18, '2026-02-19', 'PRESENT', '', '2026-02-19 04:29:59'),
(37, 19, '2026-02-18', 'PRESENT', '', '2026-02-19 04:29:33'),
(38, 19, '2026-02-19', 'PRESENT', '', '2026-02-19 04:29:59'),
(39, 20, '2026-02-18', 'PRESENT', '', '2026-02-19 04:29:33'),
(40, 20, '2026-02-19', 'ABSENT', '', '2026-02-19 04:29:59'),
(41, 21, '2026-02-18', 'PRESENT', '', '2026-02-19 04:29:33'),
(42, 21, '2026-02-19', 'LATE', '', '2026-02-19 04:29:59'),
(43, 22, '2026-02-18', 'PRESENT', '', '2026-02-19 04:29:33'),
(44, 22, '2026-02-19', 'PRESENT', '', '2026-02-19 04:29:59'),
(45, 23, '2026-02-18', 'PRESENT', '', '2026-02-19 04:29:33'),
(46, 23, '2026-02-19', 'PRESENT', '', '2026-02-19 04:29:59'),
(47, 24, '2026-02-18', 'PRESENT', '', '2026-02-19 04:29:33'),
(48, 24, '2026-02-19', 'PRESENT', '', '2026-02-19 04:29:59'),
(49, 25, '2026-02-18', 'PRESENT', '', '2026-02-19 04:29:33'),
(50, 25, '2026-02-19', 'ABSENT', '', '2026-02-19 04:29:59'),
(51, 26, '2026-02-18', 'PRESENT', '', '2026-02-19 04:29:33'),
(52, 26, '2026-02-19', 'PRESENT', '', '2026-02-19 04:29:59'),
(53, 27, '2026-02-18', 'PRESENT', '', '2026-02-19 04:29:33'),
(54, 27, '2026-02-19', 'PRESENT', '', '2026-02-19 04:29:59'),
(55, 28, '2026-02-18', 'PRESENT', '', '2026-02-19 04:29:33'),
(56, 28, '2026-02-19', 'LATE', '', '2026-02-19 04:29:59'),
(57, 29, '2026-02-18', 'PRESENT', '', '2026-02-19 04:29:33'),
(58, 29, '2026-02-19', 'PRESENT', '', '2026-02-19 04:29:59'),
(59, 30, '2026-02-18', 'PRESENT', '', '2026-02-19 04:29:33'),
(60, 30, '2026-02-19', 'ABSENT', '', '2026-02-19 04:29:59'),
(61, 31, '2026-02-18', 'PRESENT', '', '2026-02-19 04:29:33'),
(62, 31, '2026-02-19', 'PRESENT', '', '2026-02-19 04:29:59'),
(63, 32, '2026-02-18', 'PRESENT', '', '2026-02-19 04:29:33'),
(64, 32, '2026-02-19', 'PRESENT', '', '2026-02-19 04:29:59'),
(65, 33, '2026-02-18', 'PRESENT', '', '2026-02-19 04:29:33'),
(66, 33, '2026-02-19', 'PRESENT', '', '2026-02-19 04:29:59'),
(67, 34, '2026-02-18', 'PRESENT', '', '2026-02-19 04:29:33'),
(68, 34, '2026-02-19', 'PRESENT', '', '2026-02-19 04:29:59'),
(69, 35, '2026-02-18', 'PRESENT', '', '2026-02-19 04:29:33'),
(70, 35, '2026-02-19', 'ABSENT', '', '2026-02-19 04:29:59'),
(71, 36, '2026-02-18', 'PRESENT', '', '2026-02-19 04:29:33'),
(72, 36, '2026-02-19', 'PRESENT', '', '2026-02-19 04:29:59'),
(73, 37, '2026-02-18', 'PRESENT', '', '2026-02-19 04:29:33'),
(74, 37, '2026-02-19', 'PRESENT', '', '2026-02-19 04:29:59'),
(75, 38, '2026-02-18', 'PRESENT', '', '2026-02-19 04:29:33'),
(76, 38, '2026-02-19', 'PRESENT', '', '2026-02-19 04:29:59'),
(77, 39, '2026-02-18', 'PRESENT', '', '2026-02-19 04:29:33'),
(78, 39, '2026-02-19', 'PRESENT', '', '2026-02-19 04:29:59'),
(79, 40, '2026-02-18', 'PRESENT', '', '2026-02-19 04:29:33'),
(80, 40, '2026-02-19', 'ABSENT', '', '2026-02-19 04:29:59'),
(81, 41, '2026-02-18', 'PRESENT', '', '2026-02-19 04:29:33'),
(82, 41, '2026-02-19', 'PRESENT', '', '2026-02-19 04:29:59'),
(83, 42, '2026-02-18', 'PRESENT', '', '2026-02-19 04:29:33'),
(84, 42, '2026-02-19', 'LATE', '', '2026-02-19 04:29:59'),
(85, 43, '2026-02-18', 'PRESENT', '', '2026-02-19 04:29:33'),
(86, 43, '2026-02-19', 'PRESENT', '', '2026-02-19 04:29:59'),
(87, 44, '2026-02-18', 'PRESENT', '', '2026-02-19 04:29:33'),
(88, 44, '2026-02-19', 'PRESENT', '', '2026-02-19 04:29:59'),
(89, 45, '2026-02-18', 'PRESENT', '', '2026-02-19 04:29:33'),
(90, 45, '2026-02-19', 'ABSENT', '', '2026-02-19 04:29:59'),
(91, 46, '2026-02-18', 'PRESENT', '', '2026-02-19 04:29:33'),
(92, 46, '2026-02-19', 'PRESENT', '', '2026-02-19 04:29:59'),
(93, 47, '2026-02-18', 'PRESENT', '', '2026-02-19 04:29:33'),
(94, 47, '2026-02-19', 'PRESENT', '', '2026-02-19 04:29:59'),
(95, 48, '2026-02-18', 'PRESENT', '', '2026-02-19 04:29:33'),
(96, 48, '2026-02-19', 'PRESENT', '', '2026-02-19 04:29:59'),
(97, 49, '2026-02-18', 'PRESENT', '', '2026-02-19 04:29:33'),
(98, 49, '2026-02-19', 'LATE', '', '2026-02-19 04:29:59'),
(99, 50, '2026-02-18', 'PRESENT', '', '2026-02-19 04:29:33'),
(100, 50, '2026-02-19', 'ABSENT', '', '2026-02-19 04:29:59'),
(101, 51, '2026-02-18', 'PRESENT', '', '2026-02-19 04:29:33'),
(102, 51, '2026-02-19', 'PRESENT', '', '2026-02-19 04:29:59'),
(103, 52, '2026-02-18', 'PRESENT', '', '2026-02-19 04:29:33'),
(104, 52, '2026-02-19', 'PRESENT', '', '2026-02-19 04:29:59'),
(105, 53, '2026-02-18', 'PRESENT', '', '2026-02-19 04:29:33'),
(106, 53, '2026-02-19', 'PRESENT', '', '2026-02-19 04:29:59'),
(107, 54, '2026-02-18', 'PRESENT', '', '2026-02-19 04:29:33'),
(108, 54, '2026-02-19', 'PRESENT', '', '2026-02-19 04:29:59');

-- --------------------------------------------------------

--
-- Table structure for table `classes`
--

CREATE TABLE `classes` (
  `id` int(10) NOT NULL,
  `class_name` varchar(100) NOT NULL,
  `grade_level` int(3) NOT NULL,
  `academic_year` varchar(20) NOT NULL,
  `deleted` tinyint(1) NOT NULL DEFAULT 0,
  `version` int(10) NOT NULL DEFAULT 0,
  `created_at` timestamp NOT NULL DEFAULT current_timestamp(),
  `updated_at` timestamp NOT NULL DEFAULT current_timestamp()
) ENGINE=InnoDB DEFAULT CHARSET=utf8mb4 COLLATE=utf8mb4_general_ci;

--
-- Dumping data for table `classes`
--

INSERT INTO `classes` (`id`, `class_name`, `grade_level`, `academic_year`, `deleted`, `version`, `created_at`, `updated_at`) VALUES
(1, '10-IPA-1', 10, '2025/2026', 0, 0, '2026-02-19 04:14:30', '2026-02-19 04:14:30'),
(2, '10-IPA-2', 10, '2025/2026', 0, 0, '2026-02-19 04:14:30', '2026-02-19 04:14:30'),
(3, '10-IPA-3', 10, '2025/2026', 0, 0, '2026-02-19 04:14:30', '2026-02-19 04:14:30'),
(4, '10-IPS-1', 10, '2025/2026', 0, 0, '2026-02-19 04:14:30', '2026-02-19 04:14:30'),
(5, '10-IPS-2', 10, '2025/2026', 0, 0, '2026-02-19 04:14:30', '2026-02-19 04:14:30'),
(6, '10-IPS-3', 10, '2025/2026', 0, 0, '2026-02-19 04:14:30', '2026-02-19 04:14:30'),
(7, '11-IPA-1', 11, '2025/2026', 0, 0, '2026-02-19 04:14:30', '2026-02-19 04:14:30'),
(8, '11-IPA-2', 11, '2025/2026', 0, 0, '2026-02-19 04:14:30', '2026-02-19 04:14:30'),
(9, '11-IPA-3', 11, '2025/2026', 0, 0, '2026-02-19 04:14:30', '2026-02-19 04:14:30'),
(10, '11-IPS-1', 11, '2025/2026', 0, 0, '2026-02-19 04:14:30', '2026-02-19 04:14:30'),
(11, '11-IPS-2', 11, '2025/2026', 0, 0, '2026-02-19 04:14:30', '2026-02-19 04:14:30'),
(12, '11-IPS-3', 11, '2025/2026', 0, 0, '2026-02-19 04:14:30', '2026-02-19 04:14:30'),
(13, '12-IPA-1', 12, '2025/2026', 0, 0, '2026-02-19 04:14:30', '2026-02-19 04:14:30'),
(14, '12-IPA-2', 12, '2025/2026', 0, 0, '2026-02-19 04:14:30', '2026-02-19 04:14:30'),
(15, '12-IPA-3', 12, '2025/2026', 0, 0, '2026-02-19 04:14:30', '2026-02-19 04:14:30'),
(16, '12-IPS-1', 12, '2025/2026', 0, 0, '2026-02-19 04:14:30', '2026-02-19 04:14:30'),
(17, '12-IPS-2', 12, '2025/2026', 0, 0, '2026-02-19 04:14:30', '2026-02-19 04:14:30'),
(18, '12-IPS-3', 12, '2025/2026', 0, 0, '2026-02-19 04:14:30', '2026-02-19 04:14:30'),
(19, '10-IPA-1', 10, '2025/2026', 1, 12, '2026-03-02 23:29:49', '2026-03-03 02:22:38');

-- --------------------------------------------------------

--
-- Table structure for table `homeroom_teachers`
--

CREATE TABLE `homeroom_teachers` (
  `id` int(10) NOT NULL,
  `class_id` int(10) NOT NULL,
  `teacher_id` int(10) NOT NULL,
  `created_at` timestamp NOT NULL DEFAULT current_timestamp()
) ENGINE=InnoDB DEFAULT CHARSET=utf8mb4 COLLATE=utf8mb4_general_ci;

--
-- Dumping data for table `homeroom_teachers`
--

INSERT INTO `homeroom_teachers` (`id`, `class_id`, `teacher_id`, `created_at`) VALUES
(1, 1, 1, '2026-02-19 04:21:25'),
(2, 2, 1, '2026-02-19 04:21:25'),
(3, 3, 2, '2026-02-19 04:21:25'),
(4, 4, 2, '2026-02-19 04:21:25'),
(5, 5, 3, '2026-02-19 04:21:25'),
(6, 6, 3, '2026-02-19 04:21:25'),
(7, 7, 4, '2026-02-19 04:21:25'),
(8, 8, 4, '2026-02-19 04:21:25'),
(9, 9, 5, '2026-02-19 04:21:25'),
(10, 10, 5, '2026-02-19 04:21:25'),
(11, 11, 6, '2026-02-19 04:21:25'),
(12, 12, 6, '2026-02-19 04:21:25'),
(13, 13, 7, '2026-02-19 04:21:25'),
(14, 14, 8, '2026-02-19 04:21:25'),
(15, 15, 9, '2026-02-19 04:21:25'),
(16, 16, 10, '2026-02-19 04:21:25'),
(17, 17, 11, '2026-02-19 04:21:25'),
(18, 18, 12, '2026-02-19 04:21:25');

-- --------------------------------------------------------

--
-- Table structure for table `students`
--

CREATE TABLE `students` (
  `id` int(10) NOT NULL,
  `user_id` int(10) NOT NULL,
  `class_id` int(10) NOT NULL,
  `full_name` varchar(150) NOT NULL,
  `gender` enum('M','F') NOT NULL,
  `address` text NOT NULL,
  `phone` varchar(30) DEFAULT NULL,
  `photo` text DEFAULT NULL COMMENT 'path file',
  `deleted` tinyint(1) NOT NULL DEFAULT 0,
  `version` int(10) NOT NULL DEFAULT 0,
  `created_at` timestamp NOT NULL DEFAULT current_timestamp(),
  `updated_at` timestamp NOT NULL DEFAULT current_timestamp()
) ENGINE=InnoDB DEFAULT CHARSET=utf8mb4 COLLATE=utf8mb4_general_ci;

--
-- Dumping data for table `students`
--

INSERT INTO `students` (`id`, `user_id`, `class_id`, `full_name`, `gender`, `address`, `phone`, `photo`, `deleted`, `version`, `created_at`, `updated_at`) VALUES
(1, 100, 1, 'Arya Pratama', 'M', 'Jl. Kenanga No. 1', '081300000001', NULL, 0, 0, '2026-02-19 04:26:11', '2026-02-19 04:26:11'),
(2, 101, 1, 'Naya Azzahra', 'F', 'Jl. Kenanga No. 2', '081300000002', NULL, 0, 0, '2026-02-19 04:26:11', '2026-02-19 04:26:11'),
(3, 102, 1, 'Dimas Mahendra', 'M', 'Jl. Kenanga No. 3', '081300000003', NULL, 0, 0, '2026-02-19 04:26:11', '2026-02-19 04:26:11'),
(4, 103, 2, 'Karen Putri', 'F', 'Jl. Melati No. 1', '081300000004', NULL, 0, 0, '2026-02-19 04:26:11', '2026-02-19 04:26:11'),
(5, 104, 2, 'Raka Saputra', 'M', 'Jl. Melati No. 2', '081300000005', NULL, 0, 0, '2026-02-19 04:26:11', '2026-02-19 04:26:11'),
(6, 105, 2, 'Zara Amelia', 'F', 'Jl. Melati No. 3', '081300000006', NULL, 0, 0, '2026-02-19 04:26:11', '2026-02-19 04:26:11'),
(7, 106, 3, 'Alvin Wijaya', 'M', 'Jl. Mawar No. 1', '081300000007', NULL, 0, 0, '2026-02-19 04:26:11', '2026-02-19 04:26:11'),
(8, 107, 3, 'Citra Maharani', 'F', 'Jl. Mawar No. 2', '081300000008', NULL, 0, 0, '2026-02-19 04:26:11', '2026-02-19 04:26:11'),
(9, 108, 3, 'Kevin Andrean', 'M', 'Jl. Mawar No. 3', '081300000009', NULL, 0, 0, '2026-02-19 04:26:11', '2026-02-19 04:26:11'),
(10, 109, 4, 'Melia Kartika', 'F', 'Jl. Anggrek No. 1', '081300000010', NULL, 0, 0, '2026-02-19 04:26:11', '2026-02-19 04:26:11'),
(11, 110, 4, 'Reno Kurniawan', 'M', 'Jl. Anggrek No. 2', '081300000011', NULL, 0, 0, '2026-02-19 04:26:11', '2026-02-19 04:26:11'),
(12, 111, 4, 'Salsa Aulia', 'F', 'Jl. Anggrek No. 3', '081300000012', NULL, 0, 0, '2026-02-19 04:26:11', '2026-02-19 04:26:11'),
(13, 112, 5, 'Jovan Setiawan', 'M', 'Jl. Dahlia No. 1', '081300000013', NULL, 0, 0, '2026-02-19 04:26:11', '2026-02-19 04:26:11'),
(14, 113, 5, 'Nayla Zahira', 'F', 'Jl. Dahlia No. 2', '081300000014', NULL, 0, 0, '2026-02-19 04:26:11', '2026-02-19 04:26:11'),
(15, 114, 5, 'Fauzan Akbar', 'M', 'Jl. Dahlia No. 3', '081300000015', NULL, 0, 0, '2026-02-19 04:26:11', '2026-02-19 04:26:11'),
(16, 115, 6, 'Tania Salsabila', 'F', 'Jl. Flamboyan No. 1', '081300000016', NULL, 0, 0, '2026-02-19 04:26:11', '2026-02-19 04:26:11'),
(17, 116, 6, 'Ilham Maulana', 'M', 'Jl. Flamboyan No. 2', '081300000017', NULL, 0, 0, '2026-02-19 04:26:11', '2026-02-19 04:26:11'),
(18, 117, 6, 'Dinda Lutfia', 'F', 'Jl. Flamboyan No. 3', '081300000018', NULL, 0, 0, '2026-02-19 04:26:11', '2026-02-19 04:26:11'),
(19, 118, 7, 'Rehan Ramadhan', 'M', 'Jl. Cempaka No. 1', '081300000019', NULL, 0, 0, '2026-02-19 04:26:11', '2026-02-19 04:26:11'),
(20, 119, 7, 'Selin Octavia', 'F', 'Jl. Cempaka No. 2', '081300000020', NULL, 0, 0, '2026-02-19 04:26:11', '2026-02-19 04:26:11'),
(21, 120, 7, 'Naufal Hidayat', 'M', 'Jl. Cempaka No. 3', '081300000021', NULL, 0, 0, '2026-02-19 04:26:11', '2026-02-19 04:26:11'),
(22, 121, 8, 'Kayla Anindya', 'F', 'Jl. Cemara No. 1', '081300000022', NULL, 0, 0, '2026-02-19 04:26:11', '2026-02-19 04:26:11'),
(23, 122, 8, 'Rizky Aditya', 'M', 'Jl. Cemara No. 2', '081300000023', NULL, 0, 0, '2026-02-19 04:26:11', '2026-02-19 04:26:11'),
(24, 123, 8, 'Putri Amandari', 'F', 'Jl. Cemara No. 3', '081300000024', NULL, 0, 0, '2026-02-19 04:26:11', '2026-02-19 04:26:11'),
(25, 124, 9, 'Galih Pradana', 'M', 'Jl. Pahlawan No. 1', '081300000025', NULL, 0, 0, '2026-02-19 04:26:11', '2026-02-19 04:26:11'),
(26, 125, 9, 'Siska Larasati', 'F', 'Jl. Pahlawan No. 2', '081300000026', NULL, 0, 0, '2026-02-19 04:26:11', '2026-02-19 04:26:11'),
(27, 126, 9, 'Rama Dwi Putra', 'M', 'Jl. Pahlawan No. 3', '081300000027', NULL, 0, 0, '2026-02-19 04:26:11', '2026-02-19 04:26:11'),
(28, 127, 10, 'Viona Kinasih', 'F', 'Jl. Sudirman No. 1', '081300000028', NULL, 0, 0, '2026-02-19 04:26:11', '2026-02-19 04:26:11'),
(29, 128, 10, 'Bintang Prakoso', 'M', 'Jl. Sudirman No. 2', '081300000029', NULL, 0, 0, '2026-02-19 04:26:11', '2026-02-19 04:26:11'),
(30, 129, 10, 'Aurel Salsabila', 'F', 'Jl. Sudirman No. 3', '081300000030', NULL, 0, 0, '2026-02-19 04:26:11', '2026-02-19 04:26:11'),
(31, 130, 11, 'Haikal Firmansyah', 'M', 'Jl. Gatot Subroto No. 1', '081300000031', NULL, 0, 0, '2026-02-19 04:26:11', '2026-02-19 04:26:11'),
(32, 131, 11, 'Michelle Angelina', 'F', 'Jl. Gatot Subroto No. 2', '081300000032', NULL, 0, 0, '2026-02-19 04:26:11', '2026-02-19 04:26:11'),
(33, 132, 11, 'Andre Kurnia', 'M', 'Jl. Gatot Subroto No. 3', '081300000033', NULL, 0, 0, '2026-02-19 04:26:11', '2026-02-19 04:26:11'),
(34, 133, 12, 'Farhan Alamsyah', 'M', 'Jl. Diponegoro No. 1', '081300000034', NULL, 0, 0, '2026-02-19 04:26:11', '2026-02-19 04:26:11'),
(35, 134, 12, 'Alika Safira', 'F', 'Jl. Diponegoro No. 2', '081300000035', NULL, 0, 0, '2026-02-19 04:26:11', '2026-02-19 04:26:11'),
(36, 135, 12, 'Hansen Pratama', 'M', 'Jl. Diponegoro No. 3', '081300000036', NULL, 0, 0, '2026-02-19 04:26:11', '2026-02-19 04:26:11'),
(37, 136, 13, 'Tiara Dwijayanti', 'F', 'Jl. Ahmad Yani No. 1', '081300000037', NULL, 0, 0, '2026-02-19 04:26:11', '2026-02-19 04:26:11'),
(38, 137, 13, 'Fikri Ramadhan', 'M', 'Jl. Ahmad Yani No. 2', '081300000038', NULL, 0, 0, '2026-02-19 04:26:11', '2026-02-19 04:26:11'),
(39, 138, 13, 'Gisella Paramitha', 'F', 'Jl. Ahmad Yani No. 3', '081300000039', NULL, 0, 0, '2026-02-19 04:26:11', '2026-02-19 04:26:11'),
(40, 139, 14, 'Rian Nugraha', 'M', 'Jl. Veteran No. 1', '081300000040', NULL, 0, 0, '2026-02-19 04:26:11', '2026-02-19 04:26:11'),
(41, 140, 14, 'Amel Karina', 'F', 'Jl. Veteran No. 2', '081300000041', NULL, 0, 0, '2026-02-19 04:26:11', '2026-02-19 04:26:11'),
(42, 141, 14, 'Joel Pradipta', 'M', 'Jl. Veteran No. 3', '081300000042', NULL, 0, 0, '2026-02-19 04:26:11', '2026-02-19 04:26:11'),
(43, 142, 15, 'Nabila Khairunnisa', 'F', 'Jl. Sisingamangaraja No. 1', '081300000043', NULL, 0, 0, '2026-02-19 04:26:11', '2026-02-19 04:26:11'),
(44, 143, 15, 'Rafli Maulana', 'M', 'Jl. Sisingamangaraja No. 2', '081300000044', NULL, 0, 0, '2026-02-19 04:26:11', '2026-02-19 04:26:11'),
(45, 144, 15, 'Marsha Putri', 'F', 'Jl. Sisingamangaraja No. 3', '081300000045', NULL, 0, 0, '2026-02-19 04:26:11', '2026-02-19 04:26:11'),
(46, 145, 16, 'Darren Saputra', 'M', 'Jl. Hayam Wuruk No. 1', '081300000046', NULL, 0, 0, '2026-02-19 04:26:11', '2026-02-19 04:26:11'),
(47, 146, 16, 'Shafa Azzahra', 'F', 'Jl. Hayam Wuruk No. 2', '081300000047', NULL, 0, 0, '2026-02-19 04:26:11', '2026-02-19 04:26:11'),
(48, 147, 16, 'Aditya Putra', 'M', 'Jl. Hayam Wuruk No. 3', '081300000048', NULL, 0, 0, '2026-02-19 04:26:11', '2026-02-19 04:26:11'),
(49, 148, 17, 'Vania Kusuma', 'F', 'Jl. Gajah Mada No. 1', '081300000049', NULL, 0, 0, '2026-02-19 04:26:11', '2026-02-19 04:26:11'),
(50, 149, 17, 'Azka Ramadhan', 'M', 'Jl. Gajah Mada No. 2', '081300000050', NULL, 0, 0, '2026-02-19 04:26:11', '2026-02-19 04:26:11'),
(51, 150, 17, 'Nadine Puspita', 'F', 'Jl. Gajah Mada No. 3', '081300000051', NULL, 0, 0, '2026-02-19 04:26:11', '2026-02-19 04:26:11'),
(52, 151, 18, 'Rio Pratama', 'M', 'Jl. Kartini No. 1', '081300000052', NULL, 0, 0, '2026-02-19 04:26:11', '2026-02-19 04:26:11'),
(53, 152, 18, 'Cindy Maharani', 'F', 'Jl. Kartini No. 2', '081300000053', NULL, 0, 0, '2026-02-19 04:26:11', '2026-02-19 04:26:11'),
(54, 153, 18, 'Hendra Wicaksono', 'M', 'Jl. Kartini No. 3', '081300000054', NULL, 0, 0, '2026-02-19 04:26:11', '2026-02-19 04:26:11');

-- --------------------------------------------------------

--
-- Table structure for table `teachers`
--

CREATE TABLE `teachers` (
  `id` int(10) NOT NULL,
  `user_id` int(10) NOT NULL,
  `full_name` varchar(150) NOT NULL,
  `gender` enum('M','F') NOT NULL,
  `phone` varchar(30) DEFAULT NULL,
  `address` text NOT NULL,
  `photo` text DEFAULT NULL COMMENT 'path file',
  `deleted` tinyint(1) NOT NULL DEFAULT 0,
  `version` int(10) NOT NULL DEFAULT 0,
  `created_at` timestamp NOT NULL DEFAULT current_timestamp(),
  `updated_at` timestamp NOT NULL DEFAULT current_timestamp()
) ENGINE=InnoDB DEFAULT CHARSET=utf8mb4 COLLATE=utf8mb4_general_ci;

--
-- Dumping data for table `teachers`
--

INSERT INTO `teachers` (`id`, `user_id`, `full_name`, `gender`, `phone`, `address`, `photo`, `deleted`, `version`, `created_at`, `updated_at`) VALUES
(1, 2, 'Budi Santoso', 'M', '081200000001', 'Jl. Merdeka No. 1', NULL, 0, 0, '2026-02-19 04:20:42', '2026-02-19 04:20:42'),
(2, 3, 'Rina Wulandari', 'F', '081200000002', 'Jl. Merdeka No. 2', NULL, 0, 0, '2026-02-19 04:20:42', '2026-02-19 04:20:42'),
(3, 4, 'Agus Prasetyo', 'M', '081200000003', 'Jl. Merdeka No. 3', NULL, 0, 0, '2026-02-19 04:20:42', '2026-02-19 04:20:42'),
(4, 5, 'Dian Lestari', 'F', '081200000004', 'Jl. Merdeka No. 4', NULL, 0, 0, '2026-02-19 04:20:42', '2026-02-19 04:20:42'),
(5, 6, 'Eko Saputra', 'M', '081200000005', 'Jl. Merdeka No. 5', NULL, 0, 0, '2026-02-19 04:20:42', '2026-02-19 04:20:42'),
(6, 7, 'Sari Handayani', 'F', '081200000006', 'Jl. Merdeka No. 6', NULL, 0, 0, '2026-02-19 04:20:42', '2026-02-19 04:20:42'),
(7, 8, 'Yoga Firmansyah', 'M', '081200000007', 'Jl. Merdeka No. 7', NULL, 0, 0, '2026-02-19 04:20:42', '2026-02-19 04:20:42'),
(8, 9, 'Tanti Kusuma', 'F', '081200000008', 'Jl. Merdeka No. 8', NULL, 0, 0, '2026-02-19 04:20:42', '2026-02-19 04:20:42'),
(9, 10, 'Fajar Nugroho', 'M', '081200000009', 'Jl. Merdeka No. 9', NULL, 0, 0, '2026-02-19 04:20:42', '2026-02-19 04:20:42'),
(10, 11, 'Lia Puspitasari', 'F', '081200000010', 'Jl. Merdeka No. 10', NULL, 0, 0, '2026-02-19 04:20:42', '2026-02-19 04:20:42'),
(11, 12, 'Hendro Wijaya', 'M', '081200000011', 'Jl. Merdeka No. 11', NULL, 0, 0, '2026-02-19 04:20:42', '2026-02-19 04:20:42'),
(12, 13, 'Mira Kartika', 'F', '081200000012', 'Jl. Merdeka No. 12', NULL, 0, 0, '2026-02-19 04:20:42', '2026-02-19 04:20:42');

-- --------------------------------------------------------

--
-- Table structure for table `users`
--

CREATE TABLE `users` (
  `id` int(10) NOT NULL,
  `username` varchar(100) NOT NULL,
  `email` varchar(150) NOT NULL,
  `password` text NOT NULL,
  `photo` text DEFAULT NULL COMMENT 'base64 image',
  `role` enum('ADMIN','TEACHER','STUDENT') NOT NULL,
  `is_active` tinyint(1) NOT NULL DEFAULT 1,
  `deleted` tinyint(1) NOT NULL DEFAULT 0,
  `version` int(10) NOT NULL DEFAULT 0,
  `created_at` timestamp NOT NULL DEFAULT current_timestamp(),
  `updated_at` timestamp NOT NULL DEFAULT current_timestamp()
) ENGINE=InnoDB DEFAULT CHARSET=utf8mb4 COLLATE=utf8mb4_general_ci;

--
-- Dumping data for table `users`
--

INSERT INTO `users` (`id`, `username`, `email`, `password`, `photo`, `role`, `is_active`, `deleted`, `version`, `created_at`, `updated_at`) VALUES
(1, 'admin', 'admin@school.com', '$2a$10$7hQL36le0cv1gbhYhEP.8uxAu72GHqc01GsIFHCvfb6GAeqPxONWy', NULL, 'ADMIN', 1, 0, 0, '2026-02-19 04:17:12', '2026-02-19 04:17:12'),
(2, 'budi.teacher', 'budi.teacher@school.com', '$2a$10$CKI8fqzBgGlzfLPO8jc4IeDgPNHJSQb4nILlt5yxgFq9S2V8GPNBK', NULL, 'TEACHER', 1, 0, 0, '2026-02-19 04:18:21', '2026-02-19 04:18:21'),
(3, 'rina.teacher', 'rina.teacher@school.com', 'hashed_pw', NULL, 'TEACHER', 1, 0, 0, '2026-02-19 04:18:21', '2026-02-19 04:18:21'),
(4, 'agus.teacher', 'agus.teacher@school.com', 'hashed_pw', NULL, 'TEACHER', 1, 0, 0, '2026-02-19 04:18:21', '2026-02-19 04:18:21'),
(5, 'dian.teacher', 'dian.teacher@school.com', 'hashed_pw', NULL, 'TEACHER', 1, 0, 0, '2026-02-19 04:18:21', '2026-02-19 04:18:21'),
(6, 'eko.teacher', 'eko.teacher@school.com', 'hashed_pw', NULL, 'TEACHER', 1, 0, 0, '2026-02-19 04:18:21', '2026-02-19 04:18:21'),
(7, 'sari.teacher', 'sari.teacher@school.com', 'hashed_pw', NULL, 'TEACHER', 1, 0, 0, '2026-02-19 04:18:21', '2026-02-19 04:18:21'),
(8, 'yoga.teacher', 'yoga.teacher@school.com', 'hashed_pw', NULL, 'TEACHER', 1, 0, 0, '2026-02-19 04:18:21', '2026-02-19 04:18:21'),
(9, 'tanti.teacher', 'tanti.teacher@school.com', 'hashed_pw', NULL, 'TEACHER', 1, 0, 0, '2026-02-19 04:18:21', '2026-02-19 04:18:21'),
(10, 'fajar.teacher', 'fajar.teacher@school.com', 'hashed_pw', NULL, 'TEACHER', 1, 0, 0, '2026-02-19 04:18:21', '2026-02-19 04:18:21'),
(11, 'lia.teacher', 'lia.teacher@school.com', 'hashed_pw', NULL, 'TEACHER', 1, 0, 0, '2026-02-19 04:18:21', '2026-02-19 04:18:21'),
(12, 'hendro.teacher', 'hendro.teacher@school.com', 'hashed_pw', NULL, 'TEACHER', 1, 0, 0, '2026-02-19 04:18:21', '2026-02-19 04:18:21'),
(13, 'mira.teacher', 'mira.teacher@school.com', 'hashed_pw', NULL, 'TEACHER', 1, 0, 0, '2026-02-19 04:18:21', '2026-02-19 04:18:21'),
(100, 'arya.student', 'arya@student.com', '$2a$10$kz9vmaxCnjwpaC5/UMfXPudJZ1JHJA9ejbvrXnPLun5p4b9MufuRW', NULL, 'STUDENT', 1, 0, 0, '2026-02-19 04:25:43', '2026-02-19 04:25:43'),
(101, 'naya.student', 'naya@student.com', 'hashed_pw', NULL, 'STUDENT', 1, 0, 0, '2026-02-19 04:25:43', '2026-02-19 04:25:43'),
(102, 'dimas.student', 'dimas@student.com', 'hashed_pw', NULL, 'STUDENT', 1, 0, 0, '2026-02-19 04:25:43', '2026-02-19 04:25:43'),
(103, 'karen.student', 'karen@student.com', 'hashed_pw', NULL, 'STUDENT', 1, 0, 0, '2026-02-19 04:25:43', '2026-02-19 04:25:43'),
(104, 'raka.student', 'raka@student.com', 'hashed_pw', NULL, 'STUDENT', 1, 0, 0, '2026-02-19 04:25:43', '2026-02-19 04:25:43'),
(105, 'zara.student', 'zara@student.com', 'hashed_pw', NULL, 'STUDENT', 1, 0, 0, '2026-02-19 04:25:43', '2026-02-19 04:25:43'),
(106, 'alvin.student', 'alvin@student.com', 'hashed_pw', NULL, 'STUDENT', 1, 0, 0, '2026-02-19 04:25:43', '2026-02-19 04:25:43'),
(107, 'citra.student', 'citra@student.com', 'hashed_pw', NULL, 'STUDENT', 1, 0, 0, '2026-02-19 04:25:43', '2026-02-19 04:25:43'),
(108, 'kevin.student', 'kevin@student.com', 'hashed_pw', NULL, 'STUDENT', 1, 0, 0, '2026-02-19 04:25:43', '2026-02-19 04:25:43'),
(109, 'melia.student', 'melia@student.com', 'hashed_pw', NULL, 'STUDENT', 1, 0, 0, '2026-02-19 04:25:43', '2026-02-19 04:25:43'),
(110, 'reno.student', 'reno@student.com', 'hashed_pw', NULL, 'STUDENT', 1, 0, 0, '2026-02-19 04:25:43', '2026-02-19 04:25:43'),
(111, 'salsa.student', 'salsa@student.com', 'hashed_pw', NULL, 'STUDENT', 1, 0, 0, '2026-02-19 04:25:43', '2026-02-19 04:25:43'),
(112, 'jovan.student', 'jovan@student.com', 'hashed_pw', NULL, 'STUDENT', 1, 0, 0, '2026-02-19 04:25:43', '2026-02-19 04:25:43'),
(113, 'nayla.student', 'nayla@student.com', 'hashed_pw', NULL, 'STUDENT', 1, 0, 0, '2026-02-19 04:25:43', '2026-02-19 04:25:43'),
(114, 'fauzan.student', 'fauzan@student.com', 'hashed_pw', NULL, 'STUDENT', 1, 0, 0, '2026-02-19 04:25:43', '2026-02-19 04:25:43'),
(115, 'tania.student', 'tania@student.com', 'hashed_pw', NULL, 'STUDENT', 1, 0, 0, '2026-02-19 04:25:43', '2026-02-19 04:25:43'),
(116, 'ilham.student', 'ilham@student.com', 'hashed_pw', NULL, 'STUDENT', 1, 0, 0, '2026-02-19 04:25:43', '2026-02-19 04:25:43'),
(117, 'dinda.student', 'dinda@student.com', 'hashed_pw', NULL, 'STUDENT', 1, 0, 0, '2026-02-19 04:25:43', '2026-02-19 04:25:43'),
(118, 'rehan.student', 'rehan@student.com', 'hashed_pw', NULL, 'STUDENT', 1, 0, 0, '2026-02-19 04:25:43', '2026-02-19 04:25:43'),
(119, 'selin.student', 'selin@student.com', 'hashed_pw', NULL, 'STUDENT', 1, 0, 0, '2026-02-19 04:25:43', '2026-02-19 04:25:43'),
(120, 'naufal.student', 'naufal@student.com', 'hashed_pw', NULL, 'STUDENT', 1, 0, 0, '2026-02-19 04:25:43', '2026-02-19 04:25:43'),
(121, 'kayla.student', 'kayla@student.com', 'hashed_pw', NULL, 'STUDENT', 1, 0, 0, '2026-02-19 04:25:43', '2026-02-19 04:25:43'),
(122, 'rizky.student', 'rizky@student.com', 'hashed_pw', NULL, 'STUDENT', 1, 0, 0, '2026-02-19 04:25:43', '2026-02-19 04:25:43'),
(123, 'putri.student', 'putri@student.com', 'hashed_pw', NULL, 'STUDENT', 1, 0, 0, '2026-02-19 04:25:43', '2026-02-19 04:25:43'),
(124, 'galih.student', 'galih@student.com', 'hashed_pw', NULL, 'STUDENT', 1, 0, 0, '2026-02-19 04:25:43', '2026-02-19 04:25:43'),
(125, 'siska.student', 'siska@student.com', 'hashed_pw', NULL, 'STUDENT', 1, 0, 0, '2026-02-19 04:25:43', '2026-02-19 04:25:43'),
(126, 'rama.student', 'rama@student.com', 'hashed_pw', NULL, 'STUDENT', 1, 0, 0, '2026-02-19 04:25:43', '2026-02-19 04:25:43'),
(127, 'viona.student', 'viona@student.com', 'hashed_pw', NULL, 'STUDENT', 1, 0, 0, '2026-02-19 04:25:43', '2026-02-19 04:25:43'),
(128, 'bintang.student', 'bintang@student.com', 'hashed_pw', NULL, 'STUDENT', 1, 0, 0, '2026-02-19 04:25:43', '2026-02-19 04:25:43'),
(129, 'aurel.student', 'aurel@student.com', 'hashed_pw', NULL, 'STUDENT', 1, 0, 0, '2026-02-19 04:25:43', '2026-02-19 04:25:43'),
(130, 'haikal.student', 'haikal@student.com', 'hashed_pw', NULL, 'STUDENT', 1, 0, 0, '2026-02-19 04:25:43', '2026-02-19 04:25:43'),
(131, 'michelle.student', 'michelle@student.com', 'hashed_pw', NULL, 'STUDENT', 1, 0, 0, '2026-02-19 04:25:43', '2026-02-19 04:25:43'),
(132, 'andre.student', 'andre@student.com', 'hashed_pw', NULL, 'STUDENT', 1, 0, 0, '2026-02-19 04:25:43', '2026-02-19 04:25:43'),
(133, 'farhan.student', 'farhan@student.com', 'hashed_pw', NULL, 'STUDENT', 1, 0, 0, '2026-02-19 04:25:43', '2026-02-19 04:25:43'),
(134, 'alika.student', 'alika@student.com', 'hashed_pw', NULL, 'STUDENT', 1, 0, 0, '2026-02-19 04:25:43', '2026-02-19 04:25:43'),
(135, 'hansen.student', 'hansen@student.com', 'hashed_pw', NULL, 'STUDENT', 1, 0, 0, '2026-02-19 04:25:43', '2026-02-19 04:25:43'),
(136, 'tiara.student', 'tiara@student.com', 'hashed_pw', NULL, 'STUDENT', 1, 0, 0, '2026-02-19 04:25:43', '2026-02-19 04:25:43'),
(137, 'fikri.student', 'fikri@student.com', 'hashed_pw', NULL, 'STUDENT', 1, 0, 0, '2026-02-19 04:25:43', '2026-02-19 04:25:43'),
(138, 'gisella.student', 'gisella@student.com', 'hashed_pw', NULL, 'STUDENT', 1, 0, 0, '2026-02-19 04:25:43', '2026-02-19 04:25:43'),
(139, 'rian.student', 'rian@student.com', 'hashed_pw', NULL, 'STUDENT', 1, 0, 0, '2026-02-19 04:25:43', '2026-02-19 04:25:43'),
(140, 'amel.student', 'amel@student.com', 'hashed_pw', NULL, 'STUDENT', 1, 0, 0, '2026-02-19 04:25:43', '2026-02-19 04:25:43'),
(141, 'joel.student', 'joel@student.com', 'hashed_pw', NULL, 'STUDENT', 1, 0, 0, '2026-02-19 04:25:43', '2026-02-19 04:25:43'),
(142, 'nabila.student', 'nabila@student.com', 'hashed_pw', NULL, 'STUDENT', 1, 0, 0, '2026-02-19 04:25:43', '2026-02-19 04:25:43'),
(143, 'rafli.student', 'rafli@student.com', 'hashed_pw', NULL, 'STUDENT', 1, 0, 0, '2026-02-19 04:25:43', '2026-02-19 04:25:43'),
(144, 'marsha.student', 'marsha@student.com', 'hashed_pw', NULL, 'STUDENT', 1, 0, 0, '2026-02-19 04:25:43', '2026-02-19 04:25:43'),
(145, 'darren.student', 'darren@student.com', 'hashed_pw', NULL, 'STUDENT', 1, 0, 0, '2026-02-19 04:25:43', '2026-02-19 04:25:43'),
(146, 'shafa.student', 'shafa@student.com', 'hashed_pw', NULL, 'STUDENT', 1, 0, 0, '2026-02-19 04:25:43', '2026-02-19 04:25:43'),
(147, 'aditya.student', 'aditya@student.com', 'hashed_pw', NULL, 'STUDENT', 1, 0, 0, '2026-02-19 04:25:43', '2026-02-19 04:25:43'),
(148, 'vania.student', 'vania@student.com', 'hashed_pw', NULL, 'STUDENT', 1, 0, 0, '2026-02-19 04:25:43', '2026-02-19 04:25:43'),
(149, 'azka.student', 'azka@student.com', 'hashed_pw', NULL, 'STUDENT', 1, 0, 0, '2026-02-19 04:25:43', '2026-02-19 04:25:43'),
(150, 'nadine.student', 'nadine@student.com', 'hashed_pw', NULL, 'STUDENT', 1, 0, 0, '2026-02-19 04:25:43', '2026-02-19 04:25:43'),
(151, 'rio.student', 'rio@student.com', 'hashed_pw', NULL, 'STUDENT', 1, 0, 0, '2026-02-19 04:25:43', '2026-02-19 04:25:43'),
(152, 'cindy.student', 'cindy@student.com', 'hashed_pw', NULL, 'STUDENT', 1, 0, 0, '2026-02-19 04:25:43', '2026-02-19 04:25:43'),
(153, 'hendra.student', 'hendra@student.com', 'hashed_pw', NULL, 'STUDENT', 1, 0, 0, '2026-02-19 04:25:43', '2026-02-19 04:25:43'),
(154, 'wulan.student', 'wulan@student.com', 'hashed_pw', NULL, 'STUDENT', 1, 0, 0, '2026-02-19 04:25:43', '2026-02-19 04:25:43'),
(155, 'yusuf.student', 'yusuf@student.com', 'hashed_pw', NULL, 'STUDENT', 1, 0, 0, '2026-02-19 04:25:43', '2026-02-19 04:25:43'),
(156, 'angel.student', 'angel@student.com', 'hashed_pw', NULL, 'STUDENT', 1, 0, 0, '2026-02-19 04:25:43', '2026-02-19 04:25:43'),
(157, 'iqbal.student', 'iqbal@student.com', 'hashed_pw', NULL, 'STUDENT', 1, 0, 0, '2026-02-19 04:25:43', '2026-02-19 04:25:43'),
(158, 'salma.student', 'salma@student.com', 'hashed_pw', NULL, 'STUDENT', 1, 0, 0, '2026-02-19 04:25:43', '2026-02-19 04:25:43'),
(159, 'reza.student', 'reza@student.com', 'hashed_pw', NULL, 'STUDENT', 1, 0, 0, '2026-02-19 04:25:43', '2026-02-19 04:25:43');
INSERT INTO `users` (`id`, `username`, `email`, `password`, `photo`, `role`, `is_active`, `deleted`, `version`, `created_at`, `updated_at`) VALUES
(160, 'string', 'string', '$2a$10$73u81HjUtk7yjECmafeFF.XFiQZ1.MYctmKBj79DCwWxabVfNAMES', '/9j/4AAQSkZJRgABAQEASABIAAD/4QB0RXhpZgAATU0AKgAAAAgABQEaAAUAAAABAAAASgEbAAUAAAABAAAAUgEoAAMAAAABAAIAAAITAAMAAAABAAEAAMb+AAIAAAARAAAAWgAAAAAAAABIAAAAAQAAAEgAAAABR29vZ2xlIEluYy4gMjAxNgAA/+IB2ElDQ19QUk9GSUxFAAEBAAAByAAAAAAEMAAAbW50clJHQiBYWVogB+AAAQABAAAAAAAAYWNzcAAAAAAAAAAAAAAAAAAAAAAAAAAAAAAAAAAAAAEAAPbWAAEAAAAA0y0AAAAAAAAAAAAAAAAAAAAAAAAAAAAAAAAAAAAAAAAAAAAAAAAAAAAAAAAAAAAAAAAAAAAJZGVzYwAAAPAAAAAkclhZWgAAARQAAAAUZ1hZWgAAASgAAAAUYlhZWgAAATwAAAAUd3RwdAAAAVAAAAAUclRSQwAAAWQAAAAoZ1RSQwAAAWQAAAAoYlRSQwAAAWQAAAAoY3BydAAAAYwAAAA8bWx1YwAAAAAAAAABAAAADGVuVVMAAAAIAAAAHABzAFIARwBCWFlaIAAAAAAAAG+iAAA49QAAA5BYWVogAAAAAAAAYpkAALeFAAAY2lhZWiAAAAAAAAAkoAAAD4QAALbPWFlaIAAAAAAAAPbWAAEAAAAA0y1wYXJhAAAAAAAEAAAAAmZmAADypwAADVkAABPQAAAKWwAAAAAAAAAAbWx1YwAAAAAAAAABAAAADGVuVVMAAAAgAAAAHABHAG8AbwBnAGwAZQAgAEkAbgBjAC4AIAAyADAAMQA2/9sAQwAGBAUGBQQGBgUGBwcGCAoQCgoJCQoUDg8MEBcUGBgXFBYWGh0lHxobIxwWFiAsICMmJykqKRkfLTAtKDAlKCko/9sAQwEHBwcKCAoTCgoTKBoWGigoKCgoKCgoKCgoKCgoKCgoKCgoKCgoKCgoKCgoKCgoKCgoKCgoKCgoKCgoKCgoKCgo/8IAEQgC1QLgAwEiAAIRAQMRAf/EABwAAQABBQEBAAAAAAAAAAAAAAABAgMEBQYHCP/EABoBAQADAQEBAAAAAAAAAAAAAAABAgMEBQb/2gAMAwEAAhADEAAAAfVAAAAAAAAAAAAAAAAAAAAAAACkqa3YFSJAAAAAAAAAAAAAAAAAAAAAAAAAAAAAAAAAAAAAAAAAAAFNQ4/B7zVmbf8AOu1NkpkjVbXz09DmisCAASAAAAAAAAAAAAAAAAAAAAAAAAAAAAAAAAAAAAAFJKnVQzuCyuerPo+Z4reW9k4zj7Z7Nl+PbNHpzjOitGxmipEiQAAAAAAAAAAAAAAAAAAAAAAAAAAAAAAAAACGNDIcXy8T6hq/M5pfuNZztUTew8zJrOvys6YnU5uTMxRgbIW6b8GuxN5Sm33XneDantVXlHR6V7Vrc+a1omQAAAAAAAAAAAAAAAAAAAAAAAAAAAAAACmdVDG84tXMtKL925npZquJim7SLi2Ls2Urq1MLq0Lq1JdWhdpoFGJnTLU2Nxr5ruuz8Ky9afQlfhHezHdrF6YkAAAAAAAAAAAAAAAAAAAAAAAAAAAgmmjm4nf+ZYmspbJy7FzHS7Nom6twi6ti5NoXVqS4oguLYurUlxakuKILq0ldx8fHNfl163Su71uzia4/rvkmFavv0870FoqAAAAAAAAAAAAAAAAAAAAAAAAABGtueUVnL1tdeOsU1qWIEzAATBEoSlAlATAmaRUpJmaUK1IwmYmObtdHzutd+syi7RSMP2Hye1envk4mXaAAAAAAAAAAAAAAAAAAAAAAAAFNWDDz/R27+GyYUtMIJW6ZXYtQXqbUori3TK6spi8sTE3lmuFdVtK9NmS/OPMTeU1QACUc10vN2rsarEzF1ZSu2ZI6z1H517XSvq84ObasgAAAAAAAAAAAAAAAAAAAAAAc70PHxPCXbV3n3RRbiLlERKVq4Ra2GQjV3srFleu62k206eTbU669DItXLydfa25Gmr2WIUTZJu1UoXqse4m4COa6bnbRfqwlq5sUWjITETj52MtHX+peK9nNO6Y969akJSiQAAAAAAAAAAAAAAAAAAACOc6TCifHq6J59oibYu3rkrlnFxDKsRWimqqkmaIrNacvO2HRtr1LaGejzMrczl9RqIYbDvdWV3HyJvGrp2uNKxVjXC/dx5hfRKYx8qmWgwOhxdKa3YajaonGysKLdZqt7r6zVtNLuJjL3XNYdq+sZPjff3r0ymq1QAAAAAAAAAAAAAAAAAAFNQ8u0Pq3lGelVuu3lbaavP18kTTEyub3C/PbDrr/AJ+/P5+15XLTpK6d/fPS17uq9NNVuJvXTU7tMc9zvocbV8gyPS+G6qa+Me/Mxh5qY1d3IwyMuxbTsIxsmJA0ON09i9dXh03rx182q8rWsq3VE3lqqYazaUzHY9L4z6ptnsxaoAAAAAAAAAAAAAAAAAAEcZ2lEPDp7rhctaF7P59cPfbHN8jrouX9llGDm3OT7ccriqptp1HaafcdPNKF6VIEqaphMCYhLm+N2nQxpwd7q+T0pVRZvzOBGxwS3C5K/XgXKsuaajEtZ6y9Nmar82ZTfmzVMXarNUKcmzgXr7LXznR7ZyJgAAAAAAAAAAAAAAAAAARCnmul02d/PeinL+c9Sc7B1N8uu0PK3+3OxidTvVuM7DbY2mWZOq2mmciEoEoSlAqglwWj9E84w6PSth5Z6Hrnhc96A0y8sx/XKZeMx69p8NPPI3mjutV3Y3pXewYM+cLILk0zVXVbF2qzVK9bipOR6r4v6nvluBegAAAAAAAAAAAAAAAAAEGPWcflLl7wPRq2GPtcGjy9m9LCxep5vSnT2/JOW6aeycjzfc2dhn6fb8t6kKpQJEkwlPPdBqL12Wk4/wBJT5de9B4vl6ey2nlHaa59JNFV8li/FGj1nT6jyurgsfv+X7aaa3dn0sIoovlvKs2zOYeZAImqqhKjqeZvWp7Aor3yCQAAAAAAAAAAAAAAAgCFPL7nlvN67t5c+f79jkUVevw1aKzoO7HX6b2qnvw+dp9v8f62v7HmqbV9R6HU2PI269TPHtM0iuIEzTMmPXxtoxtT3+u9Dl3mV4j6fz73OX9Ejk24fscPWnUxE6ZtfsLfPfTU3aPC7eW0Ho/O+thzmPdr9fmTj5BTRetmWx8mJAWb1i0ew5ul3W+ASAAAAAAAAAAAAAAAECmrX520FOPl/LesycfKxZ+uzeW9riz+mt5nr8VN3jNlo33z56B5JW93d8313VTpNvz/AGHM2mRos/xO7LnWs7Z9equQ2c4ka00Wz0/S+pyc55d7H0PXn81T3PA309F9C+eem5L+2vOey477RTVnaYmmGvw9lq/I65imaX53nPQua9Tn0du5T6WF1auwnIx7kTcAsX7Fo9Q3uq22+ITAAAAAAAAAAAAAAAAgjkul47zOrJuU1/Neiv2JtWrXxk+5x9Tft3fb4PO+f7bmejPy+na6vHWO+ytprng9toOhx00my1Wy+a9Et0WX7uLXE5Oq2OkmvQ6/oeS+i8zqtp5lNrZPjuy1kW2PTaXZdNfY+I9Isck+P95pui8zr26maRY1O21/m9GNF6xXSaYnorxuJ2nFehz2b9FvqyyK8a/E5CJiURvrV9EvxO+ISAAAAAAAAAAAAAAAU1Uw0envPnPTqqPJ6KYUmBstfl+9x9bctXfd87H8k9j5WzB5y51/RzzxufkUv12t6Lj+Ppt5cT4PdaouUbQu27lJu6bd6a0drzvQ1e95vm3nncZ3Rn5Xvtf6PhtiYfe81vl6davW+bThsirH8T0uijVT52udj26ua1FnKtdFbE01d+dWg39EOCt5ON6nPkpWreUir1XXdFtlUL1AAAAAAAAAAAAAAAAWb2FnblMjEzPlPWrsZN/ONTdytbra5jxh9uXoGVrMz6Px8lRVW+k5j0OJcv0tVqYp4XoNXwdOyoyKfH6sKcqu8YdzKrtFvR9Frrxttjy/Se3w8hq/SOa1pet8rdvnqvS2zpqtXMaI5fGpveB6l6q3V4vbcqt11iumqq2WHGVa9LOJVVc3zPe6Xvy01HbdH6fLwPoO0qvmStAAAAAAAAAAAAAAAAAEajb8/wA+moy7GX8r6uZk6+rr58+3i1601/PdrhU01/ScF0/vedu7mFV3cubGNFZvY9rlsNrfT42b4XoKa2FqKqpmCVoimtZynZaCj1OXrLmFc9DmyZsTFr1NmiYqxKuYznXbXFyflvbrYsc+udXbu5RVUmtKbV63rWmZXWdjg1dlOtmJ+k8tJIAAAAApklCEqRUhKUSAAAAAAAARzHTctx7WLdy18x6tiM/CuyMvGxYpt72HfmlvQdLHRTUbbE1/q8e+wddnXrqt7l1+f1SMLTMLJmlMVTQK1Aq5zoWkardc9g+vx9k0eT282ytafT5222ltdB43pYGw293k1xb9FE1u2KrlYxKNjjc98aiunj3pTSmmzfxe2na10V/VeTItAAAAAEUzps7ZuFpL/mdW7zOUtnaTymz7cNzOLe3zuKExWokqRMiJAAkABTyvVcrx7266KvlPUnA2FKFzW7HStddNUVmaarxMl4mYXipE2iVKYqRExURrEzSrNaiazVEETauJnWWN0vXV5WXFJi5bpquURFJsa3cU56anH2ePN7ux11lXYUzTx2imqK3pxsnF7qdpcor+r8iRaAAAAETBTx3Ychw9G5i/Hm64dGRa5NbWNmzFtW2zWuobau8aindVTGoy8uxvTZ5nHVdWfYTrdh3c9U01XgJCgnmOl57l3xKrd75T01VM0rRr9rZ2TkcxsNZ3FVm9GczS0rWomVSkVRETFc0xMVqF1alSa1EFc0zCVKVaiYVRCEwQU1UUlj0YUXjaRVSVuuMkRNOdoiSaMfIo76ddXFX1PkBYAAARIIhGh31Odue2mnjzOnaWb1PNbHqmMNJmm5MUq4mKKa6a2iaMSts3DwJraNhrqN47e9xvWe3wX1M9WUUzBVo91gYac5lYeX8v6s1UznFVVEzXRcf6PwXp673banrteXCv2sfJnzrmc7GcG9lN6bcxNxTExXECZoqJUpiqaBcikVTbis3mPjTOxp0Gm0067B5Ls6yzqp5qRE05oiYzmmJilorXeiuHXbzO/Po6on6LzAkAABTKAsazK+6afYxF3VbbXRbR0TR5PXfuW6KzG71G3ziIs4KNnTr8nO9ODtaqSv26OjO7i1UY319d/Wxp29Wl3P0nmTTW1rbtZFNJ4nLs3flvVqqpni0qmmq9Z5zo8Ppc32nnPQ+xz7vN0u+6uLPomrauDour5zHfkMnkrfJ6vo+Rq+3x5OddDFaaGdhEsB0le1eXjq7aOXq2l3K2l0nZ8/NuRwrNjo9Cu2m9976By3X+XzTBxZRExnMQUtSXLqq67XZlq+g5vsu/LImJ9rhAAAAox8nSZX0lebkfP+hqKNnRyaUYtzI7cs+Mu3fLUazp7GekWNfZM3PzIvTB126jC+p2OJh003FFphNVNNON5tVFrHY8V1n0XBnIn1uNTVEOaw+g5fwPRzKqavF6Zm3VelylVZx/J+k+eezttPTPHe89Lh6+cW7rw3eS6Xzyu/LQow9jtu/867/Lyrs2ZplaopnorvGO7aZOMtHN7DTZfmbZePZ1+enL6nKxej1Jy8TpKX6za2b3jccEYxBGUxExE1XqMnuzYWfp9Yo7Hn+h9fkmTuwAAAAp1G4sZW0Gx0HR+T1YdjYYvDrgUZeqy06yi1lerx4tvIt43taTeYOOu2q0287McS3lWOW9jEy7fJvqc+MPO+bQjC1VUX7Rg77n+n9zjzpifb4kTBRxna6Hh6MGcbI+Z9FEU9Od65ZuYTHFdxrd9PMruXrfb36PecBOnN2/IY8ReLVdpp13f+NdJn53obg7dMeo0fKaXqe3Z3iefvX1vQef62XVbDzy5zdHYaPW3K9N6q3ejqyPQdD2nmZXYR5+AikwRnMSvbRcvxX6vPi6PPt46dHmU1fQedIvAAAAERVENPqOt1fHvdt6DO4NL+Lm2+LfTdFrdbaest6LZ9WF21dtc9tPs2srp1GPpNv05W7WTa5NMai7Y4t6ZXaTMWLfoZT19jK9/gTE9WQEWb0VcTk5+p+f9K5TVRS0XLU3rlVRXw6c5xHq3L92/Frlr09pgLdq7RfK1RkUXysRfybU1rf0w0+/6XtcuTyTn/dfKbOfroq06K7lq5Xa9v8AF77g0yM5HkYCMikiUKqq8qjI9XCcbK0ulcHp9H1nTSqqHqckiQAAAEJERUha1W5Z25TH7Knl14ursZzvy9/o3RlyVHYRS3IR2CluOr6+Lxxs9dZwtylHVsdOTvdZe2pod3cnu54mW1AkAiULPH9rrOTfQRj5PkdtEVTeq9bv8d7imcp5Xk/W9L6enmkb7T9vTb6LH303x9Vs8SL2ejtXorfsWtlTi29+yjzL3C9pytp8vqbHs6sLotv2PDphbWu35VUI55QilkSiYyacruym9Fr0efG0t3Z4bbTMT7fnktIAAAAAAAAhKEBAlMSSRIRKEJShIhKASAAAAiKohz2n7blPL7Lc01+Z001JzVVRXjM3rM1iNJvq+yeLtdpjb9HJOgxtNtdVft6Wp6HRbGvBumqZ8uy0GyzK34zqNsi8UUxyhGF5iFLQmIhejI6qVXqLnpc86S5gY63uts5Xr8aYnpyCQAAAAAAAAAAAAAAAAAAAAAAEWMimrjauo5Txu6/NFzxupVDGakCZhaJqs29IzGJXpGQsTddmwMmcKkzox7lIqiGckKyFURMLTcpvdWdd+irvwuaynW1vPV05/p80VJ7ucAAAAAAAAAAAAAAAAAAAAAAAABEiizkxSeOjrea8fthhZXidlxSyiuaJlVBJRXMrcXUra6KKpRAiUomBERM0ohNVN7eKr9Nnuxv66ymbfTXsr1uRKe7nAAAAAAAAAAAAAAAAAAAAAAAAAAARIppuRDR6Hucbg6eYuMTw+7MmirivKFVU0ipCYmaJKlJNUQhKIEQJqpm69OPi9VMvBudF3Y6voq59fiTLpzIkAAAAAAAAAAAAAAAAAAAAAAAAAAAAAU1CjB2EZ25LE7jF8/o5e7l67zOu/ODXx6ZkWq8rVIVVTRBXERZKi1aMhg17Vv42x3Hfhzu629XqcluuY68ZEpUipTMpiEJmJkAAAAAAAAAAAAAAAAAAAAAAAAAAABCRTMoUxXEMfB2zO/N4/WRhpx9PZRS3Gz2Ss8fc6yb15nM3TWmHkXG1IkvWKqbcTdYsUnJwdLRy7ZNrOvc19Xe2GPaMrO5SnWvYTrs7uwrUzaJEgAAAAAAAAAAAAAAAAAAAAAAAAAACJAETRCq1o+Hxj0PZ+M52L1tyfT9K8ibyEkTBGFf47j2ycfNyvG7NTO1UaTPy8RbY1aXaTS9ONEM3FtXDT9Hgavqr284+R7nBIsAAAAAAAAAAAAAAAAAAAAAAAAAAU1Uw4Dc89z/FX2K75BvdJ7vhdTgZQvZ+146czR0WqrGv21nB1n1LaeN9D36eiR5nb6Z9Pt+YW4d/oNFtvI7enrpvc6xbv0Z2sRcpwvbKMrsG1qdXS0a3Nxtfx7sVtl9HxPafSedcHfzgAAAAAAAAAAAAAAAAAAAAAAAABBTOLV5/pLlvyc5jb5eVeftdfbtHNZO0xJmcrT4qOnwtRmmvt7fVWtvc7k870dN852nono7fPxjr2W98y6DyersLeqvZRmWsXCy02Op1tnWLtFWZ7XHrrO7WrpMnZY/No7zzLKvHps6bcdeMgAAAAAAAAAAAAAAAAAAAAAAACBFknzqdFw1jaTuuHNKZrFNVJTE0optXIlr9dv6E81k5+qm1uiadb3VNfpaQTcqpUtkV4jHTKtWiLdN2eilF+2tGz2XL0xHYNHu0TTXBqepwdMepzr9gAAAAAAAAAAAAAAAAAAAAAAABC35t6Xx2Ti5pr8nPb7flOoitSmJrVTEE0TTMRTVSU01UzFNm6WxrHa7jo6fMb3o1d9fNrPp1EvLbfpGlhy+X1O4i3ET3VR51gepczaOLdLb7MudbbXWjF6PnekRlgrs5uoOr6LWbMAAAAAAAAAAAAAAAAAAAAAAAAiKkOW4v1y1zx47f9B5HljVU0XM6oURN29q7yNrkaBFemjnc2I2d/Aya7dte5TL16+gai5Ndk11jSNxatbPpz5PM6KdHOYfX25jiLXRYWGmwycPD6ctpw9Fm0WOgiRdXidRj+iGbUAAAAAAAAAAAAAAAAAAAAAAABAkQCTFyh5ZleicmYFnCyjF1nVUw5O50Wvq1drPs4xk73mthz77edbei+ZXi11Xdpp7/AFZ9VkcpY6suzo4awdxicTYOs0uqvlq1urhi5NckZGlxDZ09L0Jh50gQShCUJSAAAAAAAAAAAAAAAAAAAtaQ3trS5JlTZoNhd0lg6RqdqSBEi1z3TDxqfWuMNRm6OTpquXg6ezobidtZwKoZFNusUXSLVcxKq9i0G1u6Gg6GnnBu8PEulvEyehND6bk3yJmIKNfpsb73EtZOc2Ksmgv5mhwpjrZ1uy6KBYAAAAAAAAAAAAAAAABq8TO0Z09GkoN60kG6wcG0T1PLdUVAAARIxOU7aDyex63qjhKtzqCKMagy4x7pVCCZpFycWkzpxMsixut2cLu+7yDW7JJEgpqiHLZ9nR+dv2FfOb20XY0uNE9DqsCznOb1XN9J3ZSN6AAAAAAAAAAAAAAAAARYyBpcfoZOddENDm7CSisAAAAAAISLePmDU2t2NG3g0dzcQa3JyhbqqAAAACJgp1W3UnmaOpjO3M0dShze12C0U1xOtQkAAAAAAAAAAAAAAAAAAAAAAAAAAAAAAAAAAAAAAAAghIIkIkAl/8QAMBAAAgIBAwMDAwMFAQEBAQAAAQIAAwQFERIQEyAUITAiMVAGMjMVIzRAYCRwQUL/2gAIAQEAAQUC/wDhZi5lLWf80Zn6ZzbE1CzGeqxbU6t7DGzUvs/5XMw68lD6jS7MTJTJr6GW/wDi1ZTuP+VuqW1LqrdLuxsyu6rv1Tv1ma/sWxm5U/8AJkgTI1CimZGuTIzcnJA5rOJMCsJaWlOXlVhNYyUlOuVGU5lNw/4yzJqrj6tjLH12oGzXLWluZlXThvAkFRl9XtXUvDtpMircrWvE0qY+POD1zG1TIoOJqFWQP+HttSpcrWlWXZ2TceJMFQnETaCsmLUBNh5bzebwjePVDWVOPqWRRKNbqaU5dNoB/wCD1HOXFS6+7JcKBAs7c4TgIAOu/wAO/T2hrBjUzgyk6jm4rYn6lmLqeNkAMD+fz8kY9FljX2AQDpvN5vN5vN5v47zfpv038G+1qBlCBbOwwmPqOZinT9fpuiWK6/m7rFrXVs31Vi/ZfLeb/Fv5vM9NpivujKDLcYGYGo34FmDm15df5hmCjM1WmkZOXdlkjZoJv03m83m83+PebzfrZkJXBmVtMjaynCb36WVhxVbbgW6VqKZlI/LZWVXjpmZ9uUypt02/2TjIXfGrYOHxziH695v0b3iWPh36XnpmU/lMu9aKcu98u4D/AHrFDiscLwZvN+jbEYOQ+DlY9q3V/kjNcye9cBsPPebzebzfpvN/Debzeb/Ef8rfxsHJf0znEN+Sy37dAPN/Heb+O4nITlOc5zmJym/lvN/N/wDK8nJqtwdVuqmNet9f5DW344df7em838NxOUC2NBjsYMUT0yTsJO0k7STspDQkOOIaDCrrORgbw3m/if8AJ8rhuuGeVOk5Rx8gHcfj/wBRf46faE9TOUWqx4uOBP7aw5AEbJM71hnN5yedx4Lmgvi2AwNN+hUGGmFWWcvAHwsx7e7xvWC2Bt4tm79G+2Af7li7HTdWTilquPx2t188Sr7E9S0roZ4Alca6G4wlmgXz9ptORWLbFYHweoGMjLA/UHxsoR5djtWKW+sMRZ0o+nKtXcbfUll9UXVctYut3iY+t1MarktX8VlJ3KQO3Z0Yymr2eyM28PuQPDebxa7Gi4lxg0+2DTWg0yJp1Sz0tXG7T4RZVEcN4PUDNikDb9N4Dv4ZasynE3rZTXYp3EX/ACh7rbXKmg9wUEeiVW3Yr6bqK5I/Ema3j9nI6Vjlde20J38QGaV4NryrTlE7VNZCjpxMFTTstOy07LTstHxuYyNMbdi9TA79dt49UDbH7wEqVbfxupa2/ZqWB3i/5SfYjedv3X2m/Rl5RlaqzSs8ZKfidTxhkY7KangPCy36h03lVT2mjT9olKJ04mZtm9umMLa+AnH4L8au5czTLKStng6coQUO/KEbRX8baw6/VQ2IOd6/bfpv4H3Cs2NfhZAyKvxOs6f3B9iw3g5LCWleOzzHwQIqhREqJi1gTUc1UBO80L93xGZ+Lj2S/GuxitgPUjeOnGBt4ViuVgYHwvqFq4tPa+G0chpGT6fIU7j8QRvNV03lPsZTVyNVWwiVlolYEd1QZupbwncqpZtPx+zX8erOfVYGQuRTlaQjy6i/GKuIOllcDTYGbbRbICD5b+O/S5djo2V38b8VqOmpeExWS2mrjNpXVHsSsZOpqsvyHuI3Mx8K22YmElHy6zXtbTY1b4WSL0ZQ4ydKotl2kWrDiZaEreJYj7/UsBhXecSILCILAfLeb+De80m/0+YPcfiDM3I4Kib9GyKqZfqZMZrbymFe8q0oynCqqgAEyrhj04GX6yr486jvVOvBsa9qbMTIW9OvEGPSpl+OpmVp5h5KehE9xBYYHB+F/pbTLu9i/iMm4VoN7XEqr9jp1ZdMOlYKkHVrESZes41Evy8nVXwccY2N8WbqaYt1brYmfhC0WVtWca9qGw8pb08HXeWLscjHS4ZFD47bwrvAdp7GFYHIitv5v7r+nrtj+HsYKtzm60SpdyOpYLMzWceiZWv32y2+204XpmlIsxhiZi3D4tRwky6sTJu0rIrsW1MnGS5crAeo1u1L4OoLZAd/C1dwRsXQOMzCKEGEbz3Ug9CsV9oD5YFvZzh9vwpmfcSUXYD71DYdNQ1GrDXlnao2o49dB4bTjNpoeaUfKoNRw7+9V8Ntq1rnsdQONkZGk3Y16ZNRAMydPSyX4VtJxNQeqU3JavW9OhEzsPYg+595+0g79CN4p4nfxP02Yrc6fwuXZ260+oxB9Q6apmGmrTNMe966lVfR0b6lpVN1Ny9q3abFGwLfU4WG3Yyx8FjBVdnzbqaVqXUjimtM04WTp2p1ZaQjeXYdVkqwXqt6t9nHvDM7D5QHYn3n7T0Ye1Xjb9tJPLC/CGZlnduA2Ep/dMy/tV4FBaBYPbo321wg6jS+xZd1/TD7jUl4W0tyrm83nMTfrqNxd8WgVJq2f6dblyXO0RmrbTde4zHyK718rh4Z2JvBGEHt1Hjb+3Rv8H8Jl2duuob9aPu52HvlZqLsBNczHw7atUoNOqa/WKrGLuJirzo/TX+bqy/+fBsPp+cLe5boDA0us4VafX3bbmFVOnYaEvSjL+o9OXGO82mmVZLLRrd1L42fj5A8L/2+GoY0BjCId+o8LJpy8MX8Jnv3LlG3Wv75T7JpI5OvT9Vr9Fte+B0E0+v/AMn6aG+bqS742mn/AM/Tfoh6ag57WBVwo16ztYWn2CzFn6ttUYsqHJdAtNOo5OHTkDL0FUlWRqNDaVlXZCdLf27eBG8zaDTZ94fZt5vB4VL3MiteK/g7m4ov1Wdd5lH6NFH9kdP1JT3cDTSL8PPxjj2zT/0+L8XJqGJi/pijajUjtjad/BN5vN4D0zTyuqGyfqn/AA9My2x8e/8AUy8M3Lsy7Jp68pQO3qY+zywdrNxn62/aHwvrFqWL23b7AbzhB7dWPtoVHcv/AAmpWbV1D6fDK/j0X/HHTIr7lNO+n6hk4leUv9AXljD01OsW9+3Bp9Pi6w3/AJsEbY5h6CCCZP8Amp9v1FXzwNN2twsuo1XTTtNuzpiaY+LETua1/wDjTV12uqMFg27ojWb9DCPDUaeQET79B0rRr7cLHGPT+DM1BuV48b/2aKf7Y661pozKsDUTRFyKWGoarWg0LTn7hmsNuahxqPgIomb7ZVf2yKxbTgMcLP1fTO/LMa1G/TD2VJqNyrX+nKTflRprQ/t0/wAfix8LF5Lenbt//vpv7Vo176XgDGT8I/7SeWR0d+M7ogIMb3GltwvWDrm6bRlhv04m+Fo2PjH7BjH/APRqBEP22gXeFYqxBNUXaYzb0ia5pxvGm6ms4VPLXqoTIts1PI0/GXFx401k/wBqn+LxZd5t4ajXuF+++05bnD027IOJhV4y/hcltq6eijlPT7x8WPSyxXm/aya3DKDN/Emahf2qdNq2QjoRAJxgHsBM+vnRpVu9Knpn6RRlR9CzElf6ftc4eHVipDGM1ZuVyey+RHhkrutelW2mnQhMfAopAG34fUTtRQPoAlY2m83jKDL8eXqQNMv3UGAzlOU3haWvxUlsvJQcR02m3gw3FRONmq28Bm/gTCZa4VQe9k/AerjddLb6fxOqH+3V+xfacpynKB5vvLqQ4tR8e3FyBcoabzlOUdwoyL2yrMaoVJ8OdR3E0/J3AabzecpyhMLTUr9zjpwQsBDZAzxft5macdr/AMTqp90+z27TnZBa8W8GcoDN5agcWY70NRniC+tp3VEuzq0BN2W2PQtK/Hm4xVsTLDwNOU5TeEzLyxWKl993c14hMWhROCw1iGqFSPPH9sofidU/kH7Vr2JHtT9LtUpn1VGs8h1sx0sh08QadKsKtIo2+UzJw+RTMsoiZtTD1NezZtSy/OayVUO5pxYiKs3jPOc5znPvGXyT2yk+3z2ZCJPX1RMytorq03/1dU/mHW4cWrbkIP8AXZFaNg0tP6dVFwaRBRWsAAm83m8t348LWnasnOwNXkzluD9/Bf8AKT7fNm5HbC1NafTrDjrONlcTMdDXm1mLYpm83m83E3+bVP5R1I3A3qZWDD59/wDTufiuOktq5SpmVvFP8pPt8plv15ijYGEdCu8ahTPTmdq4ThkTtXmdm2cMhYL8hJXqHvXkVv8AEZqn3T7dXXkNzSUcMPwFj8QoNrDpt4mUe+Wv2+Uy36M1fdSIRD8OwMehWj45WJkW1SjJWz4dUH01/t8LV5I1nZlOSGisD/qb/FZaFCq1rKvEeZmGN8ofPqFO4w7txCIR47eG85QtH2jV++NllYjBh1PXUhvTQfo8c2reLc9T4tjsBa6RblMBH+iPMmWXqsNr2SuiAfC8033t+cjcZWMytRlTkDD0Y8QjBvOy0LOVlkFFhhocTgxmPe1L1sGHjmLvTR+3xtXkufTs2m/c7GW01lVxiVIvUi4greuwsUzf4R47zkJ3FEbJUSzN2l2fKshrbcUfR8Agln20oe3+gZfiJZGx7qT6lli5SGO6OmCfK4Nxrx/dKwJ7T2jrLE3mFea2B67dLR9K/TZ5ahX9OnWbENvMv+HA9qIUUx8Sppm1Cgev2K6hKshrB3bBPUGeqnqRPUiepWeqWepE9QZ3nnK0wreZk3tXGzWjZLmMzHppybmobL8AEb7Xn6dPTjT8j2KkbOrEXOqMWxW6ZGStUbIvsPdtWV+ntmTj1omCmyx7lWNlrBlLFsVugm8LTebxpaswbuaeB+2UOGSPLJXklpNF+Nlja60PXie1HXWD9L/vmjmbCbCcFmTWvawK0er09c7CTsrLQlaVWrYu85TPp3lydt+g9zptfsPt5gQS2WDm9I2X477O2hL5D9kTtLODoUzWWUqb7BWBCstxw0fmr0spXJt4CrH5TsoI1CGPjlJXdA03hM3m83hmO3ayF9x4aokQ7r4t9tSq9gzKcO5nfFP9rebzeavZ7H7zSD7bzebzI/h0s/2t5vN5f704bbTnOctb6dQ/l6Y68nwk2TzEA6XH3xV55I+3x6of7OMv9srCOl4+jA/aYejoGBqsqZmNlij6T1uqDRHKEHyv9pjNyr8MtOddMHllpyXIThZQ/bfCzBslit0duK6pdv0M0j9u836ZB/tYHtVvN5vLG+in2beEy+4CZD87OmnVSscV8wIBD7C5vbTU+n5NSXenCbdCIRNpaN1wW2MIh65I421HdWEI6GW1hgrlCGB8AJk/x4H8Pgw9r17WR4A9HG41GnpXYyGjP2lWozI1DkLrO48M0lwArAibzNuATGzwGpzVcd9IchBM3OHCrUF5etTa3PWW5DWHpQnN8KriPMQQS4y36nx04V/JavJQTj3r9SsIRCI29VmPZzUw9clOSYd0+8MPQx0DDtMp6CCZJ3mKnCrx1CrdKm3HUEdcqvkuXT238TDKbjUatTG39UWPqomVnmybmVZliQak8bUXMsvezwEEHvNPx4i8R5qIJ9ha3vhV9y4fNmY/cGPcaiCGDLCJYvIVu2O9VwcQ9Gl9fA4uQGhhEIhh8FEsbiMWs3XL5WLyBHav8A20U7wiZtHIWoUbwPQ+SVs5o01mGRpzIpGx6iCYVG5x6uC+aiAQS5thcdzh1cK/nycVbQRdjGvLVhyVoY6hoUes1ZhEW9GnIQw+8tq2NOUUgtVgYY3g9wSVVPkNTWK189Sq3WpuS9QIOjryGZi7x0KnqZtOBnAzgYlBM9IZ6M76dg7SqpEGTSrpqmP226iYWMXOJRxXzEUdD7C55hV92wfb59oVBluCjRsGxYa8hZyunC95VgExtOEOHcs7WSJwyJ28gz0dzn0VqzndVPVQ5CzvCCxmgpuslGCFKqF+Gxd1vQ02+G5gEEZA4zMOW0tWeiJyOPg7g4tYGQlYmPicjXSiAgRV5vWoRd5vNZr+joo3mHhFpiY3Efb4FEHTIsh3sbGq7af6m04zbw2m026lAYaKzPTVT01cFSibfJl09xFJU9R7eHs4ysMGX4ZEZCpw0G5sjklaq9jX9uULTDWbzebzVv2H91OK9kw8ACUY6pGPwKIIJa2wueafRxH5LOx95W3IeG/UNLKleX4UNJWFSJvN4rTlAffF/j6FgJnbWSjTRKMQKAqqGPwKIIIx4i5/fEpNrqNh+SYbjLoNTo3IeA6gzeFA0bGUxsSNimHHM7BgqIKWOo7lhm17QYzGJjKIAFhb4QIBBCeIus3ldZvsprCL+UsUOuTSaHRgw+Decpv02mwmwmwnt05Tf4hBBPtLrIim96KRWn5Uy1A63UtjOrch5kdN5ynKcpznOFjNzF+IQQQnYW2bwcrnx6BUo/MWVhxkUNQa35D4NptOM4zjOM4zb4hBBGYAWWRVe9segVL+aZQwycQrEsm/+wOjWSy3aU473NVUEH5zaZWIHjc6SrA/6oghbaM8NnI42Gd1UKPz9lQcXYbIRZtAd/8AUJj27Suiy40Yq1gf8HdjJZLMOyuc2SK4P+gWAhulePbbKMNUijb/AIeylHFuAIaLq53CILROYm/hvN5vOQhtWd3eCu6yVYBMqxkSbf8AFkQ1qZZh1tG08Q4DiHDuE9NfPT3z098GJcYMGyLp8TBrEWlFgUD4LcmuuNqM9fZPX2RdRErykeA7/wDC7TabTabfCWAndSG1dr8lrWrxotaicROKx6UaPibRL7KDRkLaP+CZwoXPoZwwPxX3rWHy7LJwsaennpzAllJqyQYDN5ynKbyxA0ZWpfEyO4v58mZ2opQMjKtyG2lGVdQcPVVsisGHla3FHJvtrScJx620hpSXVuvKBpZ7hSabKn5p+YMytQyMfMxdVrsiurdLbFrXO1RrJ7kqhII26bTDzrcc4mXXkL03nIQusz7F9PjftRfbbzJiWln36bxxuunW/mteH/q2lV1tMp1ixZmZr5LLKcfeKAouqDg4zxsdgsqsalzrN2x1HOshszmhryWnp7YMVgcc8ZUd1MMIhEPXJu2FeaiRMypoHVutR4ZC/b8uZrjhsvptDSZwKwW2LFzGEXLUxbVM3l1YaMCDvxOPbzHgwmPfFYMIerMBLb43vBUhjYaGekdYLcqmV6jDejzHO9f5fIsFVdz926VY4KpQqzaFFj0IY2LGxyIVKxbXWJk7x1WwONorFCc0z1rz1tk9ZZPV2RMpt6MoxcsT1Kw5Ij5UtydyHUwe8Qe3V6kaPiTHz8jEmFnVZS/lXcIup5pvYTGp3PmVBj0AyykifUp5h4w28wSILTO+Z3jGcmcZwgLrFyrViZoiWq/gQCLcdkOl6h3fyljhBqOoNew+9OPvANh8JllQIsQr1HzbCbFJjZPv1T75VfYuw7e9R+RY7DUsx7LQOmNd8rDlKKec9BbBiNPSGekMOMRDUwnBotDGLiMYMFocBo+Gwj1FfFhMRuVPRP3al/FofvhfkTNWwOcG/Rdwyn6eQnITkJyE389tziYqiPWrTtoJxE4iGtTLMRGl2IUmGEaBR1bjM3tGDC3hwY2IRHQqWmKvGrpSPfVLN5p9faxfyedpq3S/GuoIad0zkZuem5nNoLmEGRFuUzffrSQLK2BXeb9N5vN5cyqFD9zfIhORHtun1NNtzWNk2jqm2omsTEoJPRV3ljilNOpOXlj2/KugYXaZRbNS0/0qpWWHZedp4UYAGbNPebwORFyItitF25DmkGYRBmpPV1T1dUNr2tVi7TiJt1ZA0y8ZQtPEDuqJbmqkyM9rTTjliBt0RN5ZYlIVbNQuxaFx6vy99S215eLbhWUW1XA0ztiW4itGrtqnenJGnbEKkTGq3gonaInKwTuLO5TC9RmHYlda5FZAdZyENiiNkViNmCXWWWK+RSofLLwY9lsroSsRQTAoWZGcEmNg3ZrYuOmOn5l1DDM0hXJOTiGvMqebK0KmNWrR8OtocNhDRcIlt9ZGokQakkGfUZ6ymepohup2pyKYWxjGakRsigQ5tAh1BJ6rIedvIsiYiiKir0AMJRJbqCrKFvzrMTTKqIPyPICG5BPVVwZNZgtQzfzZFYZek02jJovw3qzbli6iImVQ8HbM4TtmGsQ0oYcauekrno656KuehSehSeiSDErgxq4EQdd49yLGz1EOTfZHVpg4LZT4uOuPX1J2j5VaQ59Yn9QSDUK4mTW0DA/h3biHvssK41jwYaz0lcOJXGxBCl1RoyeR87qltXM0fYurVEJU8ONOFywW5Sz1mQJ65566DNSetrnra56yqetqnra561J64T1jGHIvM5ZDTsOYMdZxrSdxnbB0pmNaKi9crI7QCXXlMNIMasTsVw41Zj4STjfjnFvFq/hc7+LEsWbzlOU3hYCPk1icw9y/b4LqK7RlaKpl2PlY0XIE5A9PacROCztJOyk7KTspO0k7aTgs2HQ7CNcgim244+j2WTHw6qF8dR+nIpvRxv4FgJfloJpp3t/C5il60fhCe5OFs4Xzt3zsmf21latZYv2+JlDS/Tse2XaJHwMuqN3656jaeoWd9J3kneWd5J3lhyFnf3m97RMLMtlei2NKdIx64lSV/Bqde4RVMqNtcD/27Mt4bchoa7DN0SadW4f8M9StHwgZ6W1Z28idi9oMIxMVFiqB/oFQY2PUY2Bjmf03Gn9Mxp/TMaf0zGg0/GEXCoEWisQKB8hG8uw0sgxrajzygWsyJxyrIuCzSrGrSD/51//EACgRAAIBAwMDBAMBAQAAAAAAAAABAgMREhAgIQQxQBNBUFEiMDIUYP/aAAgBAwEBPwH/ALWxiYmJb4bEUTEtucTH4NL9jQ156Ql+56PzEhfutsflxXgPWxbyV4L2yXkLfZnps9NiosdIatveyxiY+NF7FTbI0rdxKJKrYdc9dnrsdS5f9rXioTI08iNJR7kqij2MpTIrFE3d7sf2NeNCN2Qjiic2xJe5mkTqZb4NSVidO2sVccLfokvESuUaWKuVZ/RccjIy3xdhTUicPrROxCWXDKlK3Y53S8Tp6d+RuyJMnPEyb0ZSlfjb2JVbvgjIUx86RdmLlFWmW2sfhRV3YpxxiVOw+Fck8mdtGU/6LGJiYlaXsRhY7CmZa03wMqQ3Pwumhd30krlf8YiJ8Cd0TZT7ntrLsS5YnfS57kYXV9KXYY+Scdjfh9PG0der7CJK5+SIpvuU+57ay/ksJ4syQuWM6b8o2PRQoWJLS1yStpcb8KPcgrIdRIjNM6iN0di5Y7FFe+xkuJElc9NkY2GzpFwcDGWEVlbkyG7+HSV5HsShcwaMrqzOop2d0Kdu5mU4ubIrHjbVj7ikZDkUoucilHFF0Nj0sV1+Pi9P/WxxJQUifSJkekSIwUdthxuVqHujCRCjKTKVNU0Oq/Y/Jn5IjP7EIq/yPfGOTI0US6f6JUmizLFt/T/3q1+3FFiwkJ6YoWlT+R999Ay5Ey+nA7fQ4xZKh9Di1s6f+tbjXgJbar/Ee+EsWd+URuX2Y3EkiVOMyrScHrTf5CHpF8E52YqiMkyxbZbSwkYsVIccdrZXf4b1BscGiF/Yje3InySEmWZcs2RTROGcSccXpF2ZTd1qirTZK6FNlOo7ijwSqYs9Y9ZHro9dCqkanJCz0qvZc7s6iXtugrsjZcHDHBRV0ZsTLGQpFrlhLTqY++vTS4tqhcnU0vdFijC7PYq/1pLWIlcprgkS5eybKfJXleW6Dsxv3IyHzGw+OCLIsknFkZERaSZ1D416edmX0TIMayRLpUylQUCTKsbsxZjcdMVMjTIQIlSWyTJO5/MCTvvhP2Yl9EWyVPIwaI3HHIwcSLEXJSsVJ5PVcFOWUdURnrK5KLYqTY6OKJSsyMhERyshu+yciCuzqJ+y/SptCrs/0MdaR67P9LP9MhVxdUiXVfRKblto1MWd9EMp1fZl7mIojidRO3AyJFGWJdvZOR/TsN+nEbu/Jo1fZltbCk4ka4q6PVR1KzfAqQoJF/oS+y2spDIxUFdlWpk/KXBRq34ZYtrYsWZZmJiJbJD5FHHllWrl5i4KNf2f7WzlnEO5VrZcefTrtdyNRS/Xb7J1ox7E6jl8CpNEOpa7ka8WZLc5pEuoS7E6zkd/hVNoVeR/pkf6ZD6mQ60mZPSxiyNH7MYotEdJew1b4K+2lTyMYxODuYmBhYnTyVx8ea2XGy5cTFr074G+RPW6QpRYrHUQs/NZcvpbRMWlOeLOJ9jBiiyVRRRObkKbRGu0VKmfmMey5cWxOx60h1ZDd/gXrbWKuxQscHBimYo4LfAWMTExLGJiUY8jiWGZWMzIU18NiRsjIuS+MuXL/pUTFGKHH4uPYZYsT+KvYyMjL5D/xAAuEQACAgEDAwIGAgIDAQAAAAAAAQIDEQQSIRATMSBABRQiMEFQMlEVYTNCUmD/2gAIAQIBAT8B/wDtMm5G43GTK/TORvN5nquqYpfo5P7ikZ/QOX3cdExP3jY5fe3CfVP3cvTgx9qPoT90/u46x6Y6p+4Zj1OSQ74o+bgS1kER1kZEZqXrTMddxuFL20l6LNRGBZrm/wCJGdk/ItNOX5Foz5KJ8lFeCFTj9hS6PqmKWfbNFtqrRdq5SeIkKZ2cyI0Ricfgh49ORT5M9M+jPpi/bWTUFll93dlhFOn/ACxceDa2RiePVPghMybiy/YV3xl9iL9pJ45NbqdzwjT1Z5YlwRhkjp2yVez8En0z0yReWTgNbSM+k4qSLVKl5RptYpcMTT9UH7TXajYsIX1zKlhFNW4jFRK5RJRTNRXteTPTPSKbeERp+nkspNmBZMl0N8R5rlwaTV/iQnu9MReysltWTV275lD+sr+p4K47UYfSl54NSuCViTwd07pCzcaeGFk34PpkW6f+h1tHKGaivkjFrk01/wCGefQhey19u2OCTyyuW2WTRS3PPSrlElhlJe+Ca+o2jRUvrK/44HDAmPmIy67D2iZqZYZV9Rt2lFmePRH2fxCzMjyI+GDISwcMk1EueIj/AJESRR/Ihwh/UjaxyxHpr/oeT5pk7nLyaeYyNmxlcsrpgiseym8RNU90yupsdLNE9kjyumTyauzjB+RPpXwyvmJGWDeSlkR8Slz1rltZC3JORo7N3BtEvZ6l4gS5lyQsUEd5SM4eUaS9SjhmMm0utVaLrd76Z6ZNJb+GNGDaWzUEaqfckdtkoswQkSlk0Evr9rrH9BxnkTTPPgjNryVahweSr4mT+JFuodgvRkhZteSjVp8MVkGT1MYmp1Ds4FWlyzdFDjGRbR/Q+DJon9ZHx67JqCyWa1rwQ+If+iGphI3xZuRuXr1v/GT8kJYGseBdELPoSGZMikzuP+x2N/k3jlkyZHMk+mj/AOQj49er8DjlE4EW0KySO7IU5f2LUSiV63/0RsUvHo1azWSjybSB2m+TY0JdM9cnn7MmMYjRL60R8euyG9YJR2vDLIpm3BtMdMse5lN8q2UahWLreswL+GR6aaSawydJ8u34HTJG1rrkz1b6YFVJltbgNjGYIQNDH6/XK2MfIrYy8Fqhjks2Z4HVxkQxiE4osnE0+o2SKrN6z0mso1i2zExSKbcSPKyUI2Jk6Ij08R6c+XI6bdwfJs+SHRgVSFXFHg1UsvAxjK47jbiJoI859V0tsS9ybyjvWQZHUys4ZKBl+Dk2cGB8ErGOTFI+HWbljr8Rr5z02keDR2bo4ZDgySfSTwZKfPR+C18kRFstsScssY+lFZa/waKG2PqsjlDrzwW04K3iWBYaJRHwRxKJZDA20PDGRjk+HQafXWVboGxqQo5HDDNNZsfJCeVlG4chInW8nbZXDBkySrTNiQ+DU3Z4Q2PpVXuZCG1EY9ywhHaseu6j/sif+0WQwyq/bwb1Imiu1xN6mWIlwJZKNO5Gnq2LrJZWDVVbZkESiifk01+OGLohM3JHcRK0hZnozU27VhEpZMmRLLNPXguntWEaKnH1P7MqoyJ6KLF8OiLSQQ9FFnyMT5KBLQ58H+NyV/DoLyV0Rh49OpqUlk/ixSLv9EJNFd+CM0zPVvpW+RtIu1H4RbLI2PpRUcQiVQ70yEdqx7jyauj8ocsEpDZGxohcK5oWoO/ElcjundZPUN+Sdg5dMFNOSK2olm2W1Gnp7a91KO5YNXpccok2uBsQmKxisN5vO4O43ZM9aayCURydj2xNNptiy/eSjuWDV6L8xJ1uL565Nxkz0z6K4ZFJQQlK14Rp9Moc++fJqNIpl2klAcX6MmfRFEc+EU6SU+ZFVEa/0M4KXkt+HqXgt+HyiS08kdtm1mBRbO1JkNLOX4Kvh7fkq0kYCil+kxkdMGPRwY9BA/x8BaGCI6WERVpeDA5JDsii3Vf0d+TO/NENZ+GRkpfobLlEjqSM1L0ajUdtEtRZI7kvyKZvwO5iuTNPqWngi8rPvZ3bZEdQmW358DbZgjY4lVyl11sH5IxWCcRxwNsjU5rKHRNfg+qLNHZuj7yTwXPLOemeiI8clNm7pdX3FglVKtjkSTl4KdJKT5K6FBYHTGRPRQkU6ftP3b4Lrv6PPq/0VvayEsro4KXkemrI0QRFJePf25xwSz+Rc+uMcoW5G6R3pI7smZkK1ojyvf2UpktM0diSOzI7Uja+sZncIZYqRVodaOxyRWF+jwOCJUJnY5O0ztSKotfrcfaldjg7rO5IVz/JGW79Sy3KkQeRsbbKPH6qUEzsnZI1JGP1/wD/xAA0EAABAgMGBQMEAgIDAQEAAAABAAIRITEDEBIgIjAyQVBRYQQTQCMzYHFikVKBQnChFCT/2gAIAQEABj8C/wCjCwP1D8c9ywMHr2vVA/tYmmIyuY2rfxaDxPuubrFBzTkBFH/i5a4RCx2UTZ80HYlxt/tcbf7Vk9pnFN/X4pNanhfRYiHcJUImC4lJxWpxQwPWsAoe40haXj8N1PAXFFaWkrQwBankDwtRJVLxG5uEKl+gkLXqahAz7fhEXuAChYjF5XFALUScs9yLZFQOoKFo0tK0WjVL8D7vUbR0u3x9JIUrQkID1DP6Wi0EeykevucVjf8AJMUWuUWGC4iW9ig230OUWGI65ieZLCzgHyw8XTUW1Wo4rNYrM/66zMohhxOWowb2Q+TM3GGSaD7ImHZCevmOrxeZqAk35mIqi/ijkmhaWSBB1cx1UvcsR4fnzRGYPbwc0Htoeqe00yCh0A5/YtD+upucnOPPoJzte0wKGM4moOZ1E7UlRTUzdRUVFS6SqqKY23bE1gcdDuot2Oy1KV0rqqt07q5KKW0XNUwtV0MhaojkhZ25ge6i1wPTz4zRdTJPaqp5ZbUwotKnmgvp2hU5qdmFC0GEqLHA9Lc3unMPLJidtSaqKZC4lNynNQwhRsitYzT2AGr+SgbxfO6l0WEwWF0n9L9wUdeM+kKclrMUJBUvpl1BYrL+lC0aRliFA7BjRTopbIeyUFhdxjpRHPkix1RcCojJpC+otLRfLkp1Cpswe0LFYzaoOrnkp5ZqDqLFsh7EHDpXu2fEFB1csXKQundgZVTT9ycGvKmItyxF88vlT2sDuE9L9yyr2UHZ4lFll/amoBTqdz9LDaVWKx0uWtslO+IU7pKe9EIA8Tel4myesL75rUQFCzmtRupALu7dxd0HNXlQcIqIBB8L6TorgU7J39LgP9LUDfLeAPC7pcBxLE6t2ozULIKcSuFaypC51o6gWPDDcPdEFRClXJRUCg4KNkoOClfJT2g4ckx3SsTrpol0SuAKTRfqcAuLEfCFlYtLbPmm2Y5bbWPFeaDhzRc3iUHKIXntnmJr+N8DdJT2XWR6RErxm1GARDTjPhfTGBRe8lQtRA90HenIdZ+FOTu22WuryK9n1APtnmUHMMQpqIm1REisLzA54ERCxWdM0thnkw6R7bc05u7LmyyXtMi605lTv9m0Okr3bJR2sTivbYyXde3bTskH2ZkpqIkVETWG1m1RYckb8dmFA5p5mnymno+I1y4bIRtD2Xv+tmTyUGiAUfbEUcDAHosNQYXBw5JseyLOR2SSoDgCg0KHqSF/+V5Nn2VYPvmJoFj9Oxjs6qBzTzMPRsPIZf5L3bWpyTVrhpFTutGHkmWoTTseyxSWCyna+FitA+d0WGCDPU/2sVm4Hbx2dVPbZ0aJyRQB4RfYuZSMwg57sKLfTHESi41N9qFHsU3O5yNqU5/YI+otBF7lAtC92z4TeX+mdqb/AMVg9bZQ8r6doNrGzaCYOihozPdfZu8qIrDICVbHknbGHumr9lWbh2uayM72t5OX1GAov9M4tWFrsUO6PvMwkbECsQ4dljR3QHRCU5+Uonze4j/jNYf9KBpcLR9pAlOb/iE+1/yKdsWbfKATf2gaiCIZZHF+1itDc5WML3BQ2SEWm+uX3TQdFhmK/wB3uaeYT7N/ASoOC+5JCzFAm+ns6uM1ZsHIXDPZfu50OU1DnROabvp0RForJo5XtemnaxDOGMTWDoobmKIyRZ9wUXs+sBBHNRFo3+1gsNb1/wDT6njNLmMCGeyPlBOYeYVp6e0oSsdlxKDmEItewgd060PJWnqnUvafKbtEIjLgs1E8fRnHLK5zMv1Gz7habVwCjDE7ub/Dc0bmO7Jpu96y+41e16nTaBR0lRc4NCFj6ePt902zbe1N24i+DVF2li0CffoxRN81RSUHIPFECNjyVjdU5Te5YTUXxhhf3C+j6kkIH1PqCVCybka0IbkWQgo2j/8ASkwdIOeSgVgdUZySv4BQGxBQPCVLYiUX8twojpUENjEFKuWJMF7dnwqG1EVCwPk4bHttvkFTaI6U0IKAvnkmsdjRQtRAqTguIKRiV/i1Srue7ZVWF0nZoN4kX2lStIUXZJbA6U26JuIvjkmFJxU3qkVLeL7OTlhtQVVcYVVCzUTVRcVLdb8GZVVxBSPxmZMQ+VMBUguapFSaMulVXEqxUHVzt+BAcSxPVFJaHL6gVVI/DbkmvHRYleVhdmb8CBz6XKT1xKb19wrS9agtYgpHbac3joU1E02R8/QVqmFXZGYqfQYup8rE2oWE1+BFhmsNqojeKghBax8yDVF1dtx+BNY7JQfIqRviVLY0iSmVIrUoO4VEZjsYgmKaiZKNk5UWpt0j8Gt3ZVioctwon4XYrSYrW24iKIzaVF+bA6mdzc5QB5XFC6iotKhO6QiuBcK4VRUVCqFUK4VwKTbpzvrdFDcG7MwurBSN3lRbRa2RCmMJUQVE3TK53SOxEKHMZv3sR5Kqkm5Ajc26gVAjJTCoqBUCLoKLb5IjINxrUNyKjOCoqKLCoWgRc6+Uih7scKkoCqjaLhCoosKg+ux4zNchnKkVBxTch/V7cjsrx4ThsR3I8hvDZgVFlEMQy+VB2cFA5SiDsFAoTkpG6aPm9uQ5TFOv8KN/7UNzF33oZYZgUM0HKWYZj2OxHtdIqam4LiUbwpG+q0vU1xBcSqoLjUpqt4G6G90BuwUCo5MQohmwnPpOXCEBmxcxsy2JKcQuIqpUBS6qopLUc/ndxnlvxFVgepXwUOSrlxtUDXbxGmwW7JG7BoWpRap5okboAQ+B5XcLVVSumosUHquSLFB+zE8KgNjGKjantcKpee6xDLE03YrEafDiJLQ5TC4CpNUbQrSYLS6N1FRaoLSVqCmDfpaV2UXzUtmC/jtTyRfdBtVqVLoDI7IC7dgsLVDoFFwBcAXAFIbpWF2xO7SpqJukourkjkddSSmIqalueVidU9Txtrszu7qW1NEBRgp70YrEadVxMpt0VFJUVCqFUUAFS7UfgeF/FQHVYFRHD0SAooAdXgVETapdBwtp1rUsTOH581BokpdbmsVmoGvzJrVwqA69FsioOElL5FVBgWK0n4/AYEKNnNQePjdypyC8/gkwvpzCg8fBmVpmpyCnM/hEwFoMF3C1DckFIKNoVJo/DaKikVJ6rfyVQpuWpyopDZmVoaSvtqbFqBCr+KcQVQsFkovMVRUVAqLSVqmFI/geowWHGIqW1NaJBanlcRUnFRE1B0jni1Tr+A6ZuUXGV2l0lhtJFRBlnJUTRSy+VhOcOFECOtOH/HsoP0laTG4lxRZYyHdRdNSCnfCrVEGeSq4gnQcI7cOWXAeuaHFfUbFTk26LlAXSumosK0tCkAP9Kb4KdqVO0KiXkqB2YBTXEpEXt89agL6Kl1VMKarfNSXndgLuG76b1Oa+o2CaWlDrBcU53e6d9FRSvqtSldELhVMk8slMquaYX0zBAWgxMWkwd26sSVgZw3YjsTUrpKexLNVScpzWoLSck1jsTD9IWdrx9Ui4yWCz4LouUvnaSoWmSCFoyU01/fqRKcygvg7edZ8zRTEBdQql9L+ErhVDmihHIU3qZtLMTUDcL6qqrshzqqaoqKioFRRbNTE8k1pUYKikp3DILMVKY3x1TFZ6XLU0wuqqqqrdVVU8oipZqqaxMaVwrhU5LU4qDULjigoCqxOyRK908IPVpiKpBYmElqkc1Lqqd019MxC1NXNVVVCzUXE5ZhYhdW6DFitMkyoN4IoMb1gtdQqLRis1ChUlNaZFSmFqF0jk0uUxFarML7S02aiVIqqqqriWkRRLpNU3KFi1RtHKQv1KFnMrFbRa1YWDrUHCSx2GlyhaMJC1aStLhdNqlJaXLuuFamFTYbqriC4goOcF9wf2vvf+r7qqStNm5aGQ/wBLW+SnNSF8XuC0BQEmqLtTupTXEuJcSk4bEHCKOABrlAxXda2KsFpeFJUXCFNoVL6lVVSqm7hCkBkm5aRFaRBRtHKkGjmg1oyzddQ3Sd0iJULNa3KZN+krSYqDpHYg8RWL0/8AShbsUlpK0uKqphTYpt2JNWlqkLtTlOd2GyEf0sfqf6UGiGTyouMGqc1whcIXCFpkotMQvPRw2E8tV3TTCG1B7QVGwOHwtTSQtQgVW+ioFRUXCqLhXCqX1VVCyaVG3MFBjR+8zSaKRyzUBMp3RpKDmw8rTaEKTlVTK12n/q7oHDLc1AKbIfpfReV3WqzKmMtb9LSVpsiqQX1bRTGL9rQ0DYBAVS1y/wAgokLSwqkF9W0gtIxFFzhAHo8wtJgtLlVTctTrpfAmFNgX21wLgXAvtr7a+2FJgVN2UiotOJcJUmLso2j1T/rv/8QALBABAAICAgICAgIBBAMBAQAAAQARITEQQVFhIHFQkTCBoUBgwdGx4fHwcP/aAAgBAQABPyH/APhaot6hZe4l+If7ZyKZeO27g6sJMWj4Kx8ET7NTD/aiT6EcLylCJr2eJfAsSXAU7Kl/2sRZPMz3LhKgB79SqQ0kis5HSWvti5cv/aImU2YfAwdI+2KWHVUS0JShvNAJTBHi4LJXVzGE/UIDPmXB99XBHX+yrzLrcJkXdv6Eon3MsjxrcfT2hUFsn3AwEIOogEtlxGah4p147ghcdBBzRLF0XhhAT7pgj80G9Mv/AGKxwYeWNLVDa7fRif8AnIzskD0QtojGqnkkA0S/Eu9y5cv4ABmeHUt0+iG/tZSQANYXq4DsMv8A2FTRE0R0iRmCIkI+8IA0S5fC5cuXLly5fC4i3UI6gvUb530z6yNhJ6G4HfbGasfqD+dWbmtEToue5kxDD+EBcuXL5L4XwuXLhvSCg9QGpUv/AEYWxUP7hbqEit2S/wA2rACf/VCHCYEuXLly+QZcuXLly5cvhcuXLl+5cN6nmA3KK4BQnXkBxuwgQPu2SH5bri4EHufWAZnh4Ur5DqLhfyBcuXLly5cuXLhyLlzz14nZVBYB7lCPEviix5ujCaArBflWONRgj1PWQlbliRKyvnfwuXLly5cuXLly5cWyomFVlEx+oqrKxP3sNOFyhrIjVoDqapyFw/JMRSqiF3LBANH8t8XL4v8AkUhJSfmYOS5iGJw2aHqL7YXD8kqIpo76hVPnZKHF42L98ly5b5l+esP4GYj7YYS5fuX7lwWI7/v2DevyXpIj7kvjcZVL5uPknslZTxK+OAHmA8y/hbCSN/L/AC+LZbxcYgIHqWG7i1CP5HBWrxMeTD4ReGIdy64XNJAXR4kBKY9SMl8I1OwgdR5BKoE6mYcDIW+OX3QnXxvfJMVsYhxN0IE0/j2WPsmjjxcqszJoFimqe4tncDSIXiJh7EV4KnuBcIHdzSRZ7lY0wzMHd7xPOSHnN/I1Kg7Y7I/1HGgjAFksqy74FslTv6jHsjEAYOkoivTLl/jGWeFc9XNWCUCVB2AXzK9OJ1oplA7leJr4YiRjqDsQ64TSpzV7nhUVsyTJmY4Qm51PuV5gGCIMbxA25igvC8MdHufoYVulbV9TGfvI7mksR/wQ8YZf4o1+k7QKO+Kyjc1X+mVaiiWwTyfCpF9DNjQfrHaU7Zh9/wDU2F+8ejpXbT1GclQbG+X6mpwxV25GEAY+FjPuGAcSo2kZhDBncbIo4SuqJgnU+lUg1fTD8SLi0v8A2Qb4K1KGNERXGBU3FqM07M3j9zLqoDKn3AmBAsg3URB4J6ubxFsOgSP7EiGbJfCNgZm4QHDc9Shn3Mcm5koeUaMzRvSZCKS3hSxDSuFwIWhSvE0i3Q1+Jofe8b06XxjjeDljLmvMHJW+IQAIDgqDZSNSscHALQgPBKCVzUolHiPmvdR/cfUyVUJd8MEazPJCAEV3JuMPhRHYJdE4CVQQPAZcuEYZcIUymy+/xLLEcFvuWrcRQ9RFRqIlEupV55ViCAur4wbbGa35EyVZZb1fxiyO0tM3uZ9+cnq3xLzO52ojjUbhOohWk1nPcQDFZ7S5cuXLgwZct41p1wBTT+JqU5JeTrZEyw0kNRQUhAsDxN5iGZzHagETI1DXNWGhtZV07mef4lxLDNdZgU1pvuXafVKyj5RXgxD3EE8xhn1QgzL5qZKEIw8d8DLhFwYMHgMYMST0CH8Uxf8A9tG3Q4hC2CWgndNjEJYZMsrfRNHLETPysIFPZKr+N1FxsQ6OmBWzzJVAPcs/YaL2B8LKst+ovUhoxxR4X2QGFCjKYJMQjMEdfAhwDBgzFmKi6GOh/EqobNlqI9rYGcTR76zXE8y2KdTTL84jOv0TXL95mkJprbqFTpuuL/h8wyVjqMKpICfEEK+kOXaE83fUsRpBW39RWkQYS4MraYTSaF+Iy4MuX35XMmW1T+HZcZPfUvONdLL2dXNan2TUv6IAQqswyzPbAsfsorFuXmdCjP8AF1EE0+mogIgsYcIU/cYlSQarXiAW/eDPLBLE9UwmOlRBZfRgHU8yK4VGnaYvKCeTgZcFkdZjZ+HdR0lBHTeMAan0cxOTrD2SvEfOXgQmUo9xqO8uf56qSvYe/wCNQ8V/slwBqOghRF0kpBB8xML5iHFQgwL2wch5YPumNYhvERZ/Al29wsZ/SgJiJe5SyqpgJ8XUunUDux+GdEvZ9wwhsHKkVXv0JoGM0EcrAUzaXILuYS+oAavIQj7d/wAP9RmICNsD4wZY2l6hwFTCAjaMaio8kRAfIytRJcZU6BGAlJctPtEp0UghH0QhjmPRBY+HUVLsj2qfg3k1e3UKnahLhMQ4fKxCLRuYOVj+EhdavakfARhIeDzAPuaBuUBmTgxEWtRNOLl/FUaAlzqaERFbilnxLVadtQ8V7BmzEEUhmHOGNvTkuGCXwbUofAxTkhhGu5E7YgBTC/RBsnUst3G0/EcH8MkqLlYZYghBfAHTbRHHLrHqagMSqq5UoN0Iksy6lGaQbTTH74xPbCp7kIsrEhPdA+ZcXEIZVc1CIMu2Dnm/SMlvYmLTuGHo8RzZZGhH38mV5ly46h2+4RN1iy0jvTziw18NUNf3/hbx7iJ3MOBnLdS0iJABqCZcFBYOVbcOcar8TaqWxZmVfqY9GmBAZf1FVEhE3BjLhlbmH4Aj57mODENqC5zUTNn1AA0uYQ2l7du0uSr0JckvhYNlmSXxcFwpXLkrqVtf3LpdqUOX8M6T60nX4NY6LBNA1y6jvJ+lOBG8I4EDvjaIaDcrXyn0PMsF+ZcvgMoYuYQiAqFKXNduiajU8UgXdS59rCi0VMahrEEndLGCj1Fz3pity+N8xiVxcIuQYgHKDQeoMxqUxKTf4Mcu4oXo/CWR4l3PMOcIrxSGuGE5gE7BaJA9GGWbZhAJu8UXLoIXX1MP7RjG3IG+AnrIhhzaPSemGWHbPq9cUx4j+WZmYOqnjxmXGoOJfAkOI75cvjESaNz58twjrii0Vg8MPwbKPyxKDAnXDw3lyAWsomja6epSE+45pTwjrbgj+9RDFaLlCPLPtvI/ACDRFd2xmOhACaeFHAHbE6tuqg/bkCqcc3bxHgDOM6tS5diHA8YSyR2Iy4yPGhLmdy9wiCwy/hNJ4AIKKhGMuG5D67HDhTiyqP6pDmO3CB7fEAi7AmpgS4G2Vn1BGJAg6mThxW3qaXGJhBwmUU9cnmM2R5I585I0sGCxsh8AD/RLxwc1YN8EICvcbrIM9cFMoXFfNTdxbYfg2OrS6c8ENZIO5gmUNh5nvKLU14Y3KfoT+t7c/wAuwlFAVKRibzMqgIIYbpFHgWtzCO0+qosTWXN9x9XYlpEOPtqUDSG1lzAoVRn74UoD3D+mXBgw5DBiHFqGeGgyzGC2FxfZiVb8KzLt6mcjcdUR2UYCYEzMKMHXTjAWPCTfNzFLynqIzlO9ImiCTGE3iusolWDJmVSZNcDmW86wP2SoVL8blYh5e3h4lE/a6Cl45IQ4B3Ep4ODt1b7nYf0gy8+WAKCiV+Gw2VZS5hSTSA5IDkxZsJliWThOJ4guaCdiiIhg4rM73COubNaYiwNKl6fDYl8mq0BGfzBrkhDjcGfgKxPUOD8PieTBDBDjPedEpDzGZQ9qBVYdfAtIkw0zx6LDQM9/OuCXnnpn72JmhJLwe3gpFtd1K47dzs8xXZFO/wCpZCjAgSox5OHhg/EPAMZA9jHcGJvVcqNGFtMrheLgXLOPpKIjzPGZNbR9zBDxE7NGsA9ocHxuXwwRoNoSlWjGXgw4PFYtb6mYuwhRQrFnTwLQRPUo0nQfJzP76an4hmrBpB2kBZFY9zO1TEyMkoYIyrId3Rup/cG8n7iVtnuCKFHyuX8bmRBR98qlg7hrV8Mf+0wxu76mG0PMzWY02vU0qJOD2YHzCFBmZsRjw8fuZph/MtS7rKlWp0dk1gwi/wDSjQ5QYUrEEzBRRycHxODjW5fqXmX8Hg1HRi8j4mXf7zsf2ldWnWEr1GVT7SXM14uKFSZtEHEHh4/yZp/mZaPlLoOZXuPOEMxP3DhYeovSh9k07A9JKeZXyT3Er5l/zXU5OrKbmbgMOT538Nst/XwuX/BfxSXfmP72CFCuEi4/DL7Jp/m0mXolKQcVQNidNmVuQjtFcHuMIFjIzvwmAPGtbg2Q/gVQf3JkZ3yNTGLxx4+ofC5cvkcw1L4vi5fwuXxcv4sJ1cZorUYhbrPD8A/sTR/K6gsm46WVDgzQQlcPAwSYngQpwRW0Ki9XkPgD4l+OD4XHUzcWExDjcrVali2hDC/3DbHi5cv1LlzrnXUtjCGub4vhf8CzGMviWgrwhCHxeKmMzniafzMeuhRrQmOQqHFcKlcrEBMy3dQjAR/5YlqPiNxl6+JYZ/XBKzGGW/1MpYOp2IZjsP1CS2vuK03x1Ljw7lzzOuLl1Nwl8LHzE2zsLitNEAbbgAxw83HgJowROv5mHUMS5yeiCzTvEy4C8xALQyvgx1MfeZeyEbGmTSFkkk+UFpjl4vgry83wT63C++LAZgmf4MIULJ0EdzNETNmkWXReSH3GdkD0y7ly8y5c8R3O52hFhDEYq7juCXVNwex/aeP+qdORXfzA+PXIgxHUftzx1/HfwFktUPYRA1pppcV7PuUo6mXx8JwxiEbS6xbOglCMC6lamCe9iWBywEvUzbz8Dm2g3B3LGVRigIMO5tjNhN6bAOtfcO8L/cOOZLFOEo3NO1PdnfbgP/hTxSX05dqPGSAW0SzypHXRmdrNquFhp3weHg4sJrR5nsv8jDLOHatZS3/ZDbJ/uYh3nwiAK6zfD6osIr5xEzr6zF7Z41ZB6F9RFXZ9wHGy7+CMs5kxmFJUN83xNxfvIcHFp6hvu3HHBJTllhoeoMuXP0zP8+CktLT0DLoXf9EtoLJhbDxYHIGSkNHqIio+o11Mtymowx1JjgUBKir4j8Qx0VKB8ynev5AV6IwTEEzaL+ELp/Vwn9yZCS+4BoILsme+5AKkIBviZ1y1Nmu8wDA/UYlaHxHHXFhuPMsMC4gdKLJDlmh6ZcObhwLRL0rRMyhIcuS36vgMQdKK18pD/XKF9/EYULdMYxh3uVcPEOHPGJpnxeLgviCuCw7ZIaH8fcwA7YZV3xD4lQ7qf3DIgxElWSZkvhDOrMOlQx3GG2YjPeWGNcrxVwNPY8eHwrfdRV2iZcMGXGWrHJFimCi4DiYMBFVCwOeCj/fNOFzHxkM+Qi91F6VxtAO4Rli+GuNy/KZish4fh3zWZcyFlbXb+TuIydQvIOZYsSZHEvgHFXKjIDjxyzw9ymbVQjKPwhX9uOcssXAg4uWQIS3I9JMxUtSETcn9zHES3h4IzKXHLC8wDRLj71GB0igweGBLgwQ/5pux+4VBUlvp7m9SGO+ZJQ8QeFoIdtfNgthglZUVFmBC8fymy0xnqYgx8GiDsQXDBBE4tvJKTWmJdIYI74ZlMhghrPAgomNuWWF8epjhwWx4IQzrg2aieBHfBfl+IfdJtnBVHdA20W4E2KMwZY9w241QJ4khLYchaHmUZghCPxubZlgmxlqbxLjRAoh/IwHwHuZen3LzSZuIVUuK5v1I51BEzBe4vg4aIHtKJjmDwY7lTJCvZQhrBRD4go9x3MDqMYsuVuFYUy9IwLr5GLh4B4uQX6gpsfUyq+qjMCmHBwzY5QfcfG+buITERNiWez1D+ZzEDrznZY0hVATIlJhhLjNfcwjT9cYtMMrK4OouCGKTJUky1BwdwhjcKc5hy0tBghwfKliUF7jGMsZUJZBQZm4zKsPiu9R8cT6gjOng5tL6WIbMfcBAFxwAj2BwQm0AnAkpDEfkLeAJS2Xr4Rl1NQ0D+WuWDckbQt6jd3+p2ZEMP6IAzH9Rneep2FRKJ6gz/wDM4zqiI7NYoys9NEdMesZ/wyj9IiDGvDKFSpXzBlFflLsjHgTE88wlbnnM+ZWBjhIlBKlq4MnSsUTgSs0ngylgZDfBsQNXud8K6Nxb9KGdmomhrh+Jl4TDBMFJVwAhK/0dREpAyuaSspKlTZBm0/TP/kwH/pmrT+oA6/jYBnZqMdhzUzQb4tNRKxICoRhRKYHjTBRojjtO0IQQuKzMv4DP6YLR7jRUEbsQAQSjGnzq9cZh4bpNpgaBr8g7jNUw3PtiJxUFloQw8QeW5AExorgLEO0pjdl8d0slzaAg8qjW1mCKFeJiQfBfhvgMMGy5alhAevCACH5IWHuUKz3AHz8D4KJmZm6jT0j3lBwOSMLpaXM/qdZ/qebRHJ7MuHYngl3yy/lQgIszs4QMGkBhjg/JMUBhmy6mBblcHxuYw5KS7onqJ6CUJZKcVuP8BgzBFDbLRzRAn96Fvy4Kgm45Du/gWRsgpeX4/SW4VkD3/EIIYNzOs4hpHswaG/M0/LPDMFkX2P8A4wfdL/gRx+3wIID+C5cEMHGry8CYyPOVwZ88H5lgC42/rmWuoLcnF/K/4bl8EMKCVYIVtmEnCC4VX51CZgr9jMrvaC5f6G5cuXwBwPNSLkixBwIqAV+fS4kEkyaHiMrAkEYf5L+Yyk3A0hdgwLYvygrr/YSDAO6WCoXLR/U7GHr+J564EwS1oW4NZcwEYP4j84nqIh39SxbQzqD02L3BdMBLly+RhDbAdy6RmdUEyBvxP8uKgTR874vk/PgmZvQzb1fUZuOENAP3EdV+59MvjZQRonkGbO39w7DNAfNQ3BNn1Az/AGBPHAUbNRNVnB0h+br41K4rh9JTxKeJSVK4r4LNokf/AHEGmX+eBDuwoHQP1DwpdDeD9S5bErBY4gX4g3/sG5dgHuLTIbbE9S/4GXtZ8RpLwu3+xD/7Zi/yJgHCoMLSzkPaUqATIuAeh2Q/PgGZTV9UdJPGYuGZ0+kSPtpWk+kPl6/I8aBqhiFJhDEaYPZiMrq8y+LmENISXbQyQuxH5m1YjBb6qDkc0RgYJQA7jSbYcgV74MMqwjFXiWo+lgkR4fA+FBb/AGRQOXQzI35gUqMJEjxi5cpLiAQiacS9S+JVbZIfmGCFPESniLWKDUH0JnZ6iHoysQdUEBieDMI9iXruImJFMlKWvqKTBP8AiQL/AMyX/wDPhmie5bkIeYIOQEYpBRJZhfupq6fc3m/vmzdLMdj8xpNgaMw1xk9pRu8Ve4fQ64CbqxNPDAim44BDJgT0fFRk3KmmXgYkESMIykLO2eSojkRuyyOShMIEwLp3PPvLJvEPy6g0BHd7QOoEZ0QspWonZmkpA7TVEUvIztie4SrCXJlxXT1DMBYIU1Po/wAT0n6j4z9TMiGMNkcZnmSVdw6i0I9IhXhuU8qNMwp/qGZRT+9QmkBtS/ylxowCMkwf3BVRjHEoMQ5eGalPHGdHBtKpVrFlyEJ+uceJ4VA6h4Yv6nbxs2rPRTfE8ARWKIFhv4Vo2Sw5nUDZUcZ7h+TSkBEC12g07jo1QatJXDLjGPOWyKvMcqW964UxwfKow4qLMFWhHf0mXeue5pjas6T1M/JerIeMLVSrBDDfcZfhPDHh4YsMVBtQbWu7ZcrL/U/+ZPe/XNYM8B6Rf6ipB7zYFPp+L46lVQqOWRhzeom1+Sylr2wIg00kGNI8ywLHsTjM3gjLhjwzuFQNyu19ITRshqGelPWm4/VPDJehSBVSfMDoIQIMsZZo291COWmVdpcZf3KEI7o3cpzztQFulTy+fkjEsj3/ALCLL3lKPTLTeKbc9mW+X7lHb+4FpccXpNo1AjCcu+twA0rmvgwGyx+52LcM6pl3eDNp5qFsf2Jj2MqD1AVGVAQSy7YlDcdSqOHcvoDUpq52YKAflElGIe4wud7IsIrNDwMRl2Yq1cxeZZ2p9JrYY1uaxz4mJbEb36KYpo3YIS+CalteYiFmeY1KEqVAqBi3HXU8YRFFzTUS3N+Jsl6lKjXCKXspVBrkwzdb/MGvBW9GWtUyMiyOjKWDBqkB3VcO1FJdFiYKuZcFs2UudD/pxo8qGIgxUOVgJGILrPWm0E2wh2mUMyVjzeCLZXuJXjyQhmfPCuIFaqYOPRPOc/cGjPMD8zTw+EYJOrx91AQ/sQyEH3AdXNdTKDhvkTCZE/1MV+lOhZtlJb0gmoaS2GMS+5oSjp1R5F/fB+9T33HUTF3Nbq4vd1NBHCINQf3Lw/smXvY1iVwHkYAMH5C47AJshEY6JNyIB1n4sqMgD3EbzsIlSnTPQfc8T9wTJUUxk5DH6ERuH/DKJ6z0R8zFIe5xYO1gumB/5JrV/U64SbSZcJiLUZ0JvNfEH12UDSwbqVxcEWtTVE11vFN3ZNeTQNy/wwtolYcTLuX7h9j+5906FwBkJZqn3MVxG/nTuIjfbaWanuodnTKMqf3BH/lRDtDsn9T309iK2M9T+oeV/U9zPaz7WPWMYDjR6AljLU7b+4LZirbX9xAWnwmdB4gWYHg5YVXfRLcZD7r3wR/8if8AVEX2X3GwEs7x3IfhWn95hv2RpM9cPabYVHau3qJBsmn+CovGMWvqEfuZGYSBrCYlI0RfpxVm+LfGnrz1oeJKOkD0EomwiC9pZi91Kuu8SrM/tK56jqIDXSBAB8Q4X5lwtsEDY1+0br8MtDmVv1CYigYLZV3/ANzxwt0/3Hsq8RhxbgWoHxNP8TBqUfUJwPyaldonww7AH1E1frx1OMF6YdjMW57eI+eD8w/4ghg/rs6ifcqVT0MYtlB1fTnFfFiOjUDxCGJJkRq6livvJNHV9TO0T3HG9/PCFEPwweCZi1HYWB6lZojEb50VwHAP9Bphm1f9TYiLf+8//Vn/AObxhMCaOOhf9TUAh/EwBSXMsIXog0Td/qlgv/UNmzHBP1MoZ+YKKnX4WvlX+pr/AENSpUr/AHD/AP/aAAwDAQACAAMAAAAQ888888888888888888888888wY8488888888888888888888888888888888888888888459NM0++8888888888888888888888888888888888888w0jDxLK0v88888888888888888888888888888888884rxi0rmBnHoflPQ088888888888888888888888888888wXFu8WSFaW6DXob7O88888888888888888888888888880XhiO3jDLz/ffXRPIp9088888888888888888888888884hB+ei3jDPrrLe2gfpcWfA888888888888888888888888m4Paswb1BK70JG580bD1q0c88888888888888888888888OUD52bdpdTsLfO3Yw2uY2OPXw488888888888888888888kiTEw1nm9Uq8OCSoO0EBS+o0lEY8888888888888888888YET1CpF/d2CbnjWp72IqpVSKWtAB8888888888888888888hWoPLQzaXPZjZIdc1cfhsVGJOp+8888888888888888888m4oBSKdE/fp+k/MPjuS2Bn/AK62vPPPPPPPPPPPPPPPPPPPJLy8EdagHZ0ZEYXtQv8Az8e6KvoCNrzzzzzzzzzzzzzzzzzO5c7yTD1he56jZ40vpF79LBJR462HzzzzzzzzzzzzzzzywB4hMkeb6q3jxNMNUo/pX7juF4b6ljzzzzzzzzzzzzzzzywfmicAUTkQu0TnGUIAcYDOIiolDgePzzzzzzzzzzzzzzzzHEScnVxHYJeAYoNJbEPJoW9r8gJR4zzzzzzzzzzzzzzzzxL0IosGuJFJibF/chmaHAhCNQQK41BzzzzzzzzzzzzzzzzzHhI3nlWG4HR4TB8fmGPNUoIa3IFTzzzzjz49Tzzzzzzzzxvxs8aC8vATCkx+oGlxuZh0t6yLBTzzzyhj3QspVHDrLTzymW1FIEA55+cH0pe5eJc7f6rfK3RTzzzwjzyl3rr+33VrwBDs3tSnAmReOlgfvAJx9aJw+wtrHzzzwEYviOEYBiBX2UggqzS+5waGaXYjC3w/lnLAiQHpGWDzzzzHDOovW/UVbBXZzC0WR5iPXnBb5w/or5pg4kr8r6e5zzzzyRj5k+D00tkzLhhxM6Nl2a/bqYSunJD0pYQGGcFvt1TzzzwFELernpyo6tX6/wAFePBtxHan51rtL5Ly4bPhu007Bc8888Tun901NnGth7wa8s1Xpy37FbXIUQ2JjJL0mYuMRvn88888wCYW43EfSBmDumc8KWpSwOzEFh7OoUp8gNRWydQX08888888syPqgQewwSM8888RS9vR72MIdRkjCUka3jrYb+888888888888sMc8c888888sZLCG01PbjLM7BQ58pbWq4c888888888888888888888888sie0XFRaWgTkLCV+18aZMc88888888888888888888888888wiYD1mRpEei/FYhm0M40888888888888888888888888888cEHClS2u4hv8AgV+jmHtPPPPPPPPPPPPPPPPPPPPPPPPPPPPKJpwFtfjWYgojoM5JzLvPPPPPPPPPPPPPPPPPPPPPPPPPPOONFuYnwtFI4QTO+mMufPPPPPPPPPPPPPPPPPPPPPPPPPPBjZqNfxemh/oFk4lXkeNPPPPPPPPPPPPPPPPPPPPPPPPPPupL/UOYnkLbmUUUbItz8NPPPPPPPPPPPPPPPPPPPPPPPPpCSHuL+UPDkv3jo7GBPNIPPPPPPPPPPPPPPPPPPPPPPPPPuC6v4FUMFQWHX+TsDsIfAHPPPPPPPPPPPPPPPPPPPPPPPPKPKGGqiePHj8o8kzA2bbFFPPPPPPPPPPPPPPPPPPPPPPPPPvDOFzBMgb6QjABVcTQXEFLvPPPPPPPPPPPPPPPPPPPKINPHPDGOgcdi607+bQXbWV0NcIQfPPPPPPPPPPPPPPPPPHELEIPPPDHFMUSDKDPKOBLGQvVSFvPPPPPPPPPPPPPPPPPAOCOBPPPPPDPCGFBKFHPPPPHFFdzfPPPPPPPPPPPPPPPPPPPPPPPPPPPPPPPPPPPPPPPPPgI4nP/EACIRAQEBAAMAAwADAQEBAAAAAAEAERAhMSBAQVBRYTBgcf/aAAgBAwEBPxD/AMPn8aDCeZUss/hAtcOCDIfDB4GJn8CGvD+WWc5xnwBOHPvK2LB/00u1kPubQybIk+RZZwxMk4Hf2g14M+G2/E+Jg64dT9n7jy22W34kscb8HfBkl/RY/XWMOnG8BZCeELf5yPZgtXwOMGGeQIxYTWKPqnV+NtsC3lkPaC8geBJ+F/Ta+yert8TuyTg5Trgz6ixgZlFTq49a7Zuysss4xlBs5HC5bwkcF7wP1ULIt2Zwhdw883i7ecsvLQpO5bbjHW4HXxzbH6mjIwU25NyEmAsD6fDJLVsRjZ9xP7kXUBjRsce22xydPqb9RISKt5LTZazSzass5UOvCtic6bPYsNnhAWnZOPbPgNId/SUhGRPjD7Qiy/LJLOkNjc1xa9Iu1vrhC2HvG0X5adz102xw+Xr6XYLM6sGR0vMlbdxeWQ0MeIb2WJlqxLLO73kdakxWN04VjLt2TIssJdfohsMbsGQr0sWTrhdpDueQ3tk9mXtkjb2cB2J07gHVhDYHduiclr9I6Sw5Hu6fbTYd42GQynSWDs8LeowIhPXg92XsbFCOk5jjAI5l+mySTOkr29BbgaDyT31xARjnW/Lqh7jA2EIRdJIQsrtjtb7s+oOtnVhk4wewGM/srG9XvOcA6N/9WR/LANvH2f1M7Vtl3rgENRen5rgWPuCfjSXpa/q1/Xz8LJZPbeGSyyyyCyyzfb/CAeF29sLAyMzslPIZF7Xt88a3Wbkxx9LB+SXs6BL9XM4/BYbZcj82vc9dfDJLLLqeMs4LCXY6i3LJ3Z+TJpAGEPeDbHcCfsQF/gLeMg3YLo8aLhEex4mf9R029sskWcEhJH2xay7ERdth8nt5ZemS3MdGFBlncJFlbJVdpaF0DxgNksg9yZPHLZpNMgeTSMeViUsSB5f5W3haX7omNgN2ZwROC3Esz5cgZLiT1JRQkbd3Ye4TftihIYMIxxzrT0S3rYB7lOi2TDBmW3rjWWwdyJ11ZGWGyYIOAIa1+cYrd5N+ow09cGloLTgIsIenBBmyU2WBsWHJvIu0lyRHi3Fu6/vjG62/REcYHA9lkW/M8nB2fui7fspv6Jxja8lLbOL2r8OWtLzvZOocZtl0w7blp5fiX4k2jJhEs5cMqsglz/ncxeGx/ZykOwX5w6PZDvZA/JHxe8/FMvy3GkncurZ2cAHoRQ/S/qJjOzsu5mx2tOsEEuXT1O4IP9J2X/nn/Uuqv7WXclmrE7mkfvdtFPZ/W34ZWGOiy3Igmrhfof7ZJWkIgD2cMk4/55rX7wwmDhTVhGKdYeX79tK0tYHTS2zjLW1nWyyCyIJ16urYix597U8uphejZZZZZZZZZMjdnUxHX+BZ6bqYT7aePOcaHt2S8cWle3OfwIv5eMwo4JF+jKevAny2/Lo2ZvLb8nG13j/ArwHfhv1j8Vm+iQibELvdYhrH7uLGjgeBJbwQCJPXEMGyrXgAjIOv7m5YZ4dGdeXl+cp4Zy1dwcT2Td9ym36Ur3ZPuKWTbxojXtjYdY/3hXoxjmy/W/dDM/dS72WWp6mfItvcdPI/xCLGc/kh8L97++6nkLnXsrcm98npwKbtCJR7/hE29WTSw+2J75xn8SOWpVr/AI6X9nAP5Jn8SXeHGNxh7sb1/FDne2S2f4//xAAiEQEBAQACAgMBAQEBAQAAAAABABEhMRBBIEBRYVAwYKH/2gAIAQIBAT8Q/wDF7/koJrJ4hiOP8TYCTOpbZ/fHCWFsYGOf8Fvxl3yeHPO+ByYY0bD95QjziXXxvjbbbfO+NQ8XB90ykbm222357DCtDm9W5a/a9TVzxllkC4eEs8vw9ocLYctfsvUtbIPGfLfCTiyyfdnluF+9v1+k4fBNuQl2jJcsj7ukZ/I7hi3ycQsGTqD9l5hw4H7F3LhkJi3DRHlkjrwh9t+0A2M8MdeNt8e7b0XrZWeMHbJ9VLPm0DbAmdOLm0uTghk223i21dRsMQCcyTerEh5l3bb4wh4+q1SdeiAvIyY+Y7JttttultaRpzHO4WrkgeG7IP26nyORP1BOpUa51GcJ+hc9YuNMq892+GxiLBtuZ1pC9wncyEvTCAI6HxnHnLkt+l7v1aby3D3fWwuJRjBaR4L+oyz6t2FRnyTHqYQeYTGul3jqZYEafAu10+kDpnS0L4jPJbkhRsao1EgjiGPUCxuQwVmWDlhzO+klaQjSZxOECDTw+O90+kWRucsjwsu2UGeGGrbJLZxGnQRMGbnYdQ5YaMG4v/pdxaglpZ9RzMx1g+iuXEWwZL14b5edgsLcZ6mRLeoGVmAyMZJyTGzZ4juTMJn2lXC6eJ5eTiN2L6Wwyqtz4RjcswYMkkyGcXPaAyl9JMt2wLPCRZA8Ie48Ems/yXSxwvPgx2P09CYuoQECxgFBruszi+KtrBChYxC80LyeIpnrNwwnOQG4d2fhZ4h3/jv/ADycusImOFmGShiSJgXZ+B1BbkRiENPObF6MiiOh4AXb8QBrgqFZG93zUKW4XrFzuwDhv639LSfieUd427GTlOXLFq/TwR3cEgseBrj48ICO5va4xnluFBtG3m6rq+YXb1cplg7dBe8tONgvE7pj6h+w3352LJX7LpjZsdXsXBdR4Hezx8MJIMJZk0sZD3eiXiHPHcB892NkcXSTBrxTJ9UJDa39lHjaIbkDI78QgXjwnrLZzbrDxGC4m3LzbkOWbD6y60gefI5szg2VMdZ8u2TnKQ2hIcTkxMkExibCcyOiQ/yAx40CRiUbn5kDIUhcDs94mm5erFvE4t0Gcn3WFY3VvVWEXwi8PatbfPU0LfEbIxQ0GSBhhRlx0yNy1yPAVNuy6nz1pBrbJengBgudwczy2jxUzLOrHhaWHFoMzLKW3fFx62Rm5X5bZCl9zcSbZdHzc8tRxyzjEsUOZlMF68syThMYmTxoCgZbWzI0Qr1NzYrozwhQA2BQj4Ngw6WaHUQ/I8kj+sd9TchtsmTuLvZTJNd+MCaMJAyE/IMrpzi0bG8SDIX8tITTwshu5cndk8SPGYcbDoSaXuOPM6mwsPJfsjZPZHzYnkuXgux2ZNWbZnEa5cSO1gsD4XXHwzY5s2GBObO6Jw2YAvELpberWVk23ZSmatkMr3YJb1AvUvaQ6GfZ6hIf8m5s855z5J0ZDjm7QNzye23Te8g9w3uT1Y7LB4gMVv0wMpcursMWzI0lJ9kNEmoZ1byyxjcE/uC2ZJ1Ik+6cW3fFrywmreqEfuPuFohdKfAsdy39jHju1a39Wkt2yqwl6sQwu/vA4MPwSy5E7LLIc8m3MG3JzNcMzhxGcH+CPgi9fM3pzejn8ZDst/nhDgBdRMpnJZdRFvjfvFhJ7Xel6qVfrdMXSEXggHV2DcpsI5TrsexYOMLox99Q5fBgvMBp8CXO5nhseFJeyFdj3G28WN9wy80NzYsjvNwvdQgPcc3JPfxM1KzUljSb1hzOphF5+4AuhjEbcvGGS4IyMyGXMOrbhLgIJRxZQRGJdZdR19tA1i6jq2yyDwELGgNLfy6jMeS6MhM/wEZLFNzi0ti20h0sGDY+5t173rN8snb7yD3dLdFfiv52XqT9WJ3LnMmWuoPacsL1IOJ1pbgv8HCw/JP5I9XPSvSSOCw9XeT5z5797fBlmyIM6u/mxP8AVqbl/KAwBp/k9OLknmQazjceQTL/AJXZ2DqQ3ooB1/lsef/EACsQAQACAgIBAwMFAAMBAQAAAAEAESExQVFhEHGBUJGhIDCxwdFg4fBA8f/aAAgBAQABPxD6kf8AGRZMZMtpRFszAoKsisGX6rUXqH/EyJoTMtczcKD8y8iqsX+YAsdiS86h6WvpGPKKElZz/k93/E0vcB2R8SmgyfmEzM2TAX8x00LBz8IWMQcS7NJTCvkzWDb/ALPMJf6D/hl/oYhBzrWF1Cj2i3Ae0LtIVWrRIWfwl98YGWczyshZDu8DMwM+hgfMH/hN+ly4sU7l6AN5YS1IzaSJG1tCV+Ie3qpSL91AcTOK/M/m8gModlyoA6USNnjqkVI9jJCqjRG5SYPswh/wZjfcagibWqKH35igQO5joVxRI4MLSJ/qMmWaiXvvTZZkk9WS+UAl+hzUcgsLGAMXQ6j5yGAkbqNLj9o1QVxUb7K5SEsOGyoRuvjIU3N6z0DcuX/wG6mXOINXLsCGP+sK/mWA6GUR+eqjA2owGzPczHR/HK4gdxS1aVeCY9IhYDAcahIS3uA5iXiUqgjYG+Zs2iivabCS9yTmlr8x1qGWiv5jlxINkH+wNwHMHEv66ziLmPAKhsuf7gOCbETTsRjNwJtQzaLNCag+ZeeUr4lSV7gZrKysrMJVlxSG1HwiSgX2g4Z01VKYFzdZFYDhfzsoAtzRSAKT2rgOpf1llxZQbj4hVHm4RtUgtR2gxCV1cELmmpbph2lLj09GUM9z3QrzPf6D0fdPdCG25TgqasPML7hZrSikI6BpeZXKnOQqAwm22feWoMIwmkqxbhA/WGLZsmXxqrK5tFPaOB3B7sznv9NZWeyEWRFw84Yfo56fs9PvnvnisyjVvJBF4VDpcmRGMraKieydyiwuT3jXY0rr2i/6loII+rMXcXEW1VDQ1UGZddzdcNKhKgKO2CvZKfRWez0k+yeyX4ZiZhczA1PJgK3PfPfA9xd7Ikp3NsS8E8xJMfhKYcnbEExKVEsbEkz+ZZk1KFDzFSr1Y1UDAgWZGpYZfqi1FiUuQnDaxRbtGBS+ZgC/LNFYOiAFLTmHlMcS4y5cuWgtxuKy0tGPdLS0J23HHDPOEnnLiNgBBZjRUo1llk6BbqUN3aWCjBdYF19Mu2GeKc3BQHvAwwp3FZ9TDnpQHlh5hwGwISUYhnc49HWYeJUGZgxhqLUBLJSU7l9TT3nPp8wlSpqXLly47QVi5xuFmWH0bSksjvFSg6PCbFwQ9Mpv6muUarMK0czYXMEjQb8wNBK9KlMQIhGStQTUVFeai/KC7l+5fuDrCyrlAOIO9SpsgkQ8xoN/rFlRvCQxg7l+JbkRxhvricwqs94jxLy2ZVIOag39RyNSqTdXW2aIelxqeYxFRTi433C6yylZSC2PvOiE9Fys39FZjXzF9JpUfmU4SWrOMy+ggUS94gpuEc+nPo7IC/ygtFPmKZv0Le5jqK9bl24A8YA0Eu9/eBdHIORly/py1FzVWneSCiYqYNwCHyiLmbmBmiXli40Cw6Dl8uJlh8EEWi9Tcl/JDhoHIbk/aORQ+CaVXxL2Qg7csSyh4hgITySCuvRpnEY7g0OYanOT0TJM/Vlzc2IRUr7yoCcSxGICQFlB4i/ASl0syLhfpXq/SlUeAscvuR3xE1MUWpmHiUFJFisei4SRdsEq0bRjtYXLmNirXUwZQ9olip7RLP4wLI34hpN+IOESdGhtCPU3sfKKdDKGWriYKu41pUXK4dQnke8EFjBuGNOY90sM5Ivcb4W3CbVOowIniKAk1kqXHEl6UqA0S4q4vMuzmcPlaQFqQbh3hxAFA7gVL0iwx1MoMWH0kXHKFap95gXKalajcvGZj4hCi3xLBnzme54CNgXhFqLPEsCU9YgFROJSoiCNV5mE8ziOWajimoDJVDmuBDDe6mxj1LzV/EtbGIFESF3ZTICBNMHqWgYeIhnUEEPy1Mm0Q9iJkz2RMNWsrxLFoVkJl6HxBovELTHquVMwGEQaGhcMdR43RslNQDF5JgCtrcHK3N7TIIbDqEXD6O7nSwRFuQRi3liWygzvRK6a9kKaOgxRFmaI6kUlnMwhKPMsN2RRm0lLO+IW3/iB0Z8yjzXmO133/wCo1OXy/wCoTWShKzBQ1MsQzaUTNbqaEKacS3FY9ouuZlhueYOtYMRU4hUzTNu4bVxCdiyb3Egi1UFqy5HEohAXZORY7+YVoZhcXy4AlcRre0hUW7zcJVDjqFoj4JlwHVEBPBvNr7QbHMuY7fpBuAEdQBUrHGIPZCfxDF4ESYDAACKli4FGAL5lvhBDeiXdL0XAAl4HOTAMR9s6cv5gZIOSjiJQDD8NYtt95T4S8/xO8x1UQbDHtGU58kRSGQEXORpRUBuPO5lLx5hUyhYfERgR1cJjGo+aWL+VF02QpitYauKrTaA4piCmLcNQQyLM99GOE8Qr2QKixlCGoA9+5ltg1Ua5gNwBVahhQVBd7z+Ir2uGvQ+ivmIEhk6QYdtUG4lsNVCsMDHhiNsSk2V4jjbCDDb4lMsMWxChrcNT4mBKQD2CAWAIpqYCoTCI1mH/AMCF/wAIagQBwS66lWXMjidhL3l7ka0Jiix95lUBb6JQ72pEqoAWMeKhaoLmgjuEUbhVWrZmdRxK0LcwRCtTcTMuMhfdZgxLBp8xsA9oDDIDKCYNxb3PCPeZ2GalNMODNbY8WaQcMRukojpxBx6H0VITmbbYJuEQCabKloIdGXhWBcmXomnCieRNEEdRBFcVAhFHU1wrdwAS4UGoyWUtWYjOHPxNEIymVCDFxDUuColjualiCiovybWuPtGaWvaxC+CMc7QhWse5jqELBOGCcWUPvtU3Lcq83PmEEkUMKRsSt4gL8QEBAQqTDMGYJq9QAResys6bKYq9hYk4h9GSyCoCFI8ymvQm/aW/FaYylK3xGHpwVCDCjVQDT7SlQjuC6HuIdFe5iQyEu/aOnNtWKedVBDrAFldhGBxBzLlwYMuXLzKVUfU7NWYsCgrhs/ZQw/mdcuNUzD262aUMpFEVtxyRlxkqIsl7SOJQKR3csh3MiYxFrCLSy18wZudEJtJTLWGUC9XcRO0Im4LRd82pmmZrMPoz6ZrZZC+qtG6MOYMpqpzCIZ6hC5eoRQREALpSDh4bTEWVXGAIEoK6qKQl2E8sQMoQLxBv0MS4eiwl+gtVMhnwyv5VY/5BkQChpnjlIjPAJoIpENZH8RQNOTcQ+Utx8V9WiTVurCbCoBdSyNGhVPEOaL3DMh+YXdVEfRVzKIXiztmUeoBTI3GgC7sXxDHbs+/0dYyhYy+NhpEl1wLwR2nyZn61oXUXejKe1AGY9TOUuK3Jf3cILXvNDAIA0EzxPXao9UKBcGoWj6XLlwZcGF3BdCN4cxozqRxE0C2XxBX1MhiPmWcWQpMl+8YzPcm5ocwW7cDWo6tQ3fqIajhuYbF9wTaFcxe6Ope3I7XzSrKGDTmHiDiXXpe70dM8RJCZDqBrSych9HwiIiXqGWIXNg8QIAG4GBl5jdWb4P4iZYmqmfgnSDUAV0RFNioCY9JBGQuag0X3JW9tkwe3XEUwURdtFsxWYUEuXL9LlzcsF3MPrmytP9gr+Ae5lWABi0Vrg5jHvO2IMwdzJEATNw3Cr8zbUxsXFYkPzkwV/UGlZw5xCbXxA5hmbidsQCBcR2lxeincDZBh4zE9CvoVCMTxCquI3nWYJL+jQogXcs4XwfMNoUdSsUsfiEIOJvM4s3GxZtVQtHqoWk4Y0q8YRfvUfIlaMIETQ1hnqb2CsXTz1MDsFHmCJeyHtLlw1+gZthMgTU2Ul8F8IaLGCB20WS/Eajo9t1FpRaQCDAtVcJDI8ktbxBiziK6IZhzADdiDo33VogoBXMg1jPcTIbgmrMLEYiXJDxKpvuyxj6XL6jpmd3iMWYS8jALJfofQX1smZkjSJQRTWZZPLBArPcDBc0xKyMLevMSV81hTH9zlwd1fMol2c4uYKzcS4s8kEU8u+UUubslDzCHQcDzBx6nowfRcJBIGunmCTWoYU9mWa8CFo5xKUqKDdMHsjpyQKjHAAsVgLEqkxkshtKqwdQjKo2KYCnvomq0xmAOKSImBsCIgaiQRWJiVzgKc1AuJXkjVLHuEFZuVLlx3I+rJIZTph9CSMWLjMd7WIeagr2rXNCioxumCl4l1uFounJGDW02bjeYdLygKCAYDYix5PkVXiPsJL4ZnxBB2KCxxGsHFvdEsjHJ5iEafaX6NMTNQ1Lg3dQWtostgylYElYSZVli+Kmi5GsRipq0yISQjLBXmsyixXLQhtFwqMJipXiyWte0vQ5e4RcEyXco9aZTWSGunkJ1RQ5iYUxIxwExC5cwxRzDHlAqGEcG09/ULgHmEy5d2fZ9D6CxIbpwRrSpakIAxDTLhg1QbDMfy8Bc3CVWWSCMIDjiUDAuiZFTFSpW+oqwn+70UDb4LmvJkfaIcTFBKtTCwA2RBqyZYlTLVGL1Bbm4JbiKagQBeF7kdkLQC/fL1itUqIYkOxKqLE/Cqm4Lot77xA9bdGR/65v8A25XpUILJeT3GERG+R4hxqGQNwFJFpGBjirpuDjHMM36fIenEHE/OIp/P8oQ+gu2dQLcKVS7mZO59IQCA4hRDQMNGsQTwUCVwwsAhdmP9hV0IDmPME2YsPmNCqWXtlAZUZKKRpfE+yRT5gjF5DRL9o7F3MhbNqEPG8ZgWyMI3EsIF6LElcqX7xLQMg6upbiya0D4YjoFVWN9YAaGDXliUTHUdvmLbcdQ9jIUn8wescAfzMoCYKhwuLRs9FizSbg3FAqOxFopIhd1ISoiNmGELtZKUdkNXcGi5bj17OY6DtYyuKt94QfQeZUK8TIBWyB0BCEu2W9QS5lcocl5uCbOsWnGSNXNChvqYsSnmPu3BiVDSpD+TGGtK/NkMyZCPtFMsiKii9RUcK9Ar2OrzHO3pO4FNZPmMK6Gr65iY4iit1Lo8wtI9z18Ta4JtXaX7KCtswA8tMw2XEWDfEfzbqIkXwK0Le88JeILCNHibkX0YHBkeo4IfjiVhVyMeBRRQmoKbJ9qVHdMGqZhOEQ94RyiqDZ9CdMJVpMKjd4DDx6EHpdxTbwdy1GVg0SpxRNi+v8jIBczxiPas4DDBQHLVxFhK2485gOSkaWzFYtVmeJcnKPwwIvbi3KmIgtVShlBeowvNH8SmMAH4jPVtXGJRQe51UKMETAX9o0xapckEvzIL/MtQiLXi4LbuiWirWVDcMolmM5ldgGyoyGMIuQGBa4wwiwbhFjew0y3mhQg28ytYipVymgu6isVy5dhpCe0Rl5g+hVFT8SpWlwXnZiDGHBuJB5iv2oADu03zNpUDclV8w33fLyxUpsUaLSYj0axSiv3lVJZWeQ5BTYyqo+6NFwPEVSgc5S5foecRZzM16jso3NgbH8Q/ZINV5HsEqqFiKj8jVcqzcEskW6of6alon2hkXrTimAA4gUM+ZWALGm5iSZC6hJUFjLDQHzFhjMvvBGrq5bzGNy843BwTdRORRiWXqUsxAtxOtEArqGXRFuAlVAKOWpXofQWCYl3dTUIxoxDmYTOMCd6lhJa4h3FcS8cQvA3kN3FrEOZz/kv61u6QAtgHMFuXgKOYBmbXBUfMgKHvMd1QjVBl9DLc0cmUUNy2prb7SjNI/iHfbk9yAla3Y9otjiweETWDwR3PKSjiMDTUt2zFdt/+95cWF6IaYFB/czSZrFoG0g3Ud8wqVDsB5S7W9+kWylB8phQt3GtU/KNgJBtRqomd5C6zUDGZ9GoA1zv6INuhGxgNE0hLhcp6NynBJaAZj66VAfc5E1lt3FcVAJU6oHUj5qIJac5f6hgo+T/ECjANEuTgNx4ljHtCBNTDxlxGtIAGlxD4jIbQVZgli1a2/aGQ3Z/iXOjiEcA13+EFWpqBzywNXJhBjTIjYR+qkOz3X7QmqJfdAWatmJhcin+4wz1h60UFubGpUo7gRqGiB2SkQGbisq5NxEoikBNBzN93O5/EPDVlWWBSYPob6A6pEvd5Zkp055gYiRrSe7lrZXglVkTGYyjBuveVgAJKkITiUY1NcxqbgCzdQcVVEctxNSyq9SzEN9yXjCKlczYeT0bXqPZAU/ES86Xsh0Sg1d8TF98lm66ubSHBpPvBYLdf9QOt1lfcuJguGUIKt1cdHaIjrc8JgnMHEeI7JmyiOXBIECCOqA1E5uYUf7BUp1kYfe5Ssexd+YIEGghSV9DYx37OJUuy2+Yp1qUtVcDIu535jcDMNQD4hlXkFnHgoJhLqZGnNyp9WrYQegLbj/lYeGmAkArBMJrMS2ohY7JkuJBdQeYGYBSM0tkN4ywwQVkYTuAgkbEoaqZZddxpaQrLnB1fjUONTfEPaHEOPSlcxOcp7QMQhA8TvxhobIV9HMcI6MSgNWXGQThL94NypcG8wg2cdxLTFQo/MFiFymcQr4GUyjqDM4hhsiBWwWAyy7hHCNAwzKaGb3CVAlQJWIQmIKgigxPMMgBqsLzqajqsTNSzyeg+ZLXMFdfzFBfhWdSxys8GthHBE6Z8QrTEAoHmyXVTPvehQZgYidQKHSSz1BMEdzcCv22XLly5j0uXD/4X0F5zLXtVUUewxwvB3HGkbqJDzxhEoqOttTSuVJyVLFOyZ2CIMQ0U35qJTYNnWsl3DAX3nVQ2ojKMsFDUL3NItQYsGMMXiZFVY4qWsisBcJKzxsSAtjcpyzHCBW5XfcNhiAdR2yNlzDK6cWRRDPErcbO4BQ/iYAH2lpYXlxnVRNxxE6iw0Y3N2qZt3D9xZeZfpcujMHMWGYbl/wDwPoczU8IwyNwgFWJA0pO4Si6WM2w+peAg9x0xYuJyG4ooOxiKra9RVKTq0GNPnOBylwQxPaDLlwBKS+iFsdwZYlMxjkdMpJmAaWJJpx4lMF/DH2MBqKiOAi4SsYZhgu8kVwSCAEqAV1OhzChgPmdJ95fWZRKZhiYwYMxhIkao6xK71c0/cZUtZlKf2FzFVCncDoy4WCWP4bgMLS5v0x6V+h/YY7nxIvYqVcrvUMho6hDItU1MW37w6SiB6CVj0ECCjG2ZHpyi9S6XLRwglgXp9F3LlxW4hhuqhU17LjEPcvUDVVzvkedypU3IQ8oD2gBQI10TMtuJKhKxvxLLWveCbveo6TdGcQ7hE7mb6jzH1V+DH9oh+6qIVhBjxFnLcsL4DEWr2WppxOI8kUtBy1ioDii/MTTF4sr3K7/eCaD7QDqDLzLlxl/qdzb6SZVdQu4GIxICVLbKzggAuYqi9wz6DUNwKl5gy4Redy2ZsjYDVEWbrHErNrfUuWxggZcdRcQzGLFQK5Yb1GJbKNVUOg28ERZLsuF2HkxLlKcTKpe4xI7gTnWCvaJr9t3HEaNumDglIIg0Ew6mSNdsHon3j7bOwzix1mYSYlpvvDJAeII/omYR8ynALeNy4r8sEBixSmYNgzInE4hr9FyhBU9JkDqDUA7hXLUX/AwCJadw05pY1GrjaF+g0ZhGMQwSpeSsTWWLae+pit2HELOOSD2wHceku4S6hZjwlnofQ1GMWN1LcHiZu5WDBIDATSYK8LiBjqKM5iiDNEGvalX+2+kyHiBfREYVBwkXMsWJlmMLMxepSHdQKiNkHqRPT+EGnN0Qw60phki4y5h45itkLg6QaixD0WripZhOqIXGXNVCxnctOB34g0oogsBRiMKk0VBLMe0DDz3Bw5uaQz9IhwimUGxb1LbRl8LeZg95SjcVLM1nzcFqVRdxyfDBzUUGILkm2IsGX6Z9F8QzK1H1jjEuo2kBDQEVi3Cqiei+ILcxSy4i5gDxDUf20JtxUA8oxAFsOncRc2MO3cMXE2gqG4lmk1jSXUWGIFvMV0MwImKXrhnDHhKDB2h2wOmDj0xH1M/CGiFz1EiGbWCZIMaYc2faciUQDg1Lq0z8olOZViMr6gidt7Rl5vFCHiQ8MXOLruDVmGdQZoluQjSLdwWhcXC5a44jQA5mCiCw7ucEi2SlD8S84l9wZcuLUDwEBouOoy4XaQu3r4lSFE49DHBZMn0BmXERk4I9TgK/MMQOP2R8+l5nMAkSEVuO1A2lM50bvmGiAepQOYlPiPCA2so7fE0wSqMxzEhwzBLiG7OpGr7ES0RxtwMYIiGGJmdF8QbyjiC3dcRMwMupnuAWrwtQaHA06hdXe5hvfiDXk3EsLER4IXviOmIoKEdPWX+kWi8hHo4Lp1LN78XiDqt0CQVBiEnO1wjyn2y60fMqMZqVvOGeXER3KdxS6dxOB1BTKZGUQNdRFizsuJUyWxRkQrhblYBHmFtUuWAbuWcLECgNjWYzVLy1KAi+ixjBtjuXspUuB1KPNIah+yCpdEo3OLuEWsG4NCD7x7lDAQ+R6LmGOMNEoSq7ItSXpcVdrRgYiXmqlBBmDEVmlFF1moMNCtVHZCXDg+0HUAy/7MRGFdGsJwiJ6JZ6C8wDVdiTGGRQb1L+8HGdwA5h7sA5yeYNEMEohvN+3zBEqmU17qsMxM3nMoKC3DUaPgg6V30w+CItXKOCquKqtcEBo4mUVOict+0BLA+0TCxzuYbfDF2/wSgoircx8koJtVPiC/MWx4oy/FFSjM6hdss7ZfUdbx5YreckcjuvfMoQrEXX6HMUWBWYDHoKM3jcQrlCr8wMEP2bmBfEY++GP0U5KjAyO5ULDnoS6XZKGonCArbgMCKltdIo9oFofQz3IyH/ABxLAt6gblaq4+lpyLj9JvSCEPwzYCTzqKNYCC4Z0kepR+W4jk3dkNgR2g2wi9w3LgiUlDiKGbfQR+hqrIgHKf2RTUOLm5Q1CcM09Ei1wTpLPxFbji38xC7xDCMJFjLPJE39Edv7SMq5vqClyNSkV9uaD7U1X2IzoNoQQW2qYbQfEyJpAJ+Sdg8UFHo4K7ZblG7YQB0Tn0fUkepdUrQ4nQoyDKIZ/HoNfsuoitdkZ+LgvEVB02s4sjxNGvJBY6woGZzEYIAAA0BMdYSw9objBBwrZUVCwxUXpFDkY9UpB7lRRbnIRccagfYGLYQJYYbqDu42gVmEkAIGGbkLSXuGAdnoqVMqldHOSBeXjM9tQxCF5lwnDZFAK2GIqeJBiOcuYetgXNqGGFQV+0tUKJFS8txaJSt7aiLmkI+6IwX2QZzLyzzUq5balnIExMW4hOczKV33GTxXKQbLYa5BzBsUalUBMEZcUWvQKmj0RoLoDcoRZyhA6hD9l2jFldUQwKLYQtEYxe8faPEDBUKzbbKTMswnZFaQwituEuMFjDGMVMcJtcBT/cZGAWJKEUuhYFytR0xalkqyUw6lAsDMobqLUfRh1lhJ71HuKWqioMamDid0BeGCy5SBdlMeRQzgJZcqaDKupYPZJhxBDAGVm1krxN0vEosdRlDiT8hCB2wC0WlSpjasuupa9xZzFfAs/EdY2mkQXZBbQfMwMqNsJZdqIQuh5j2uoB4h12CIFrUUilxYxdIzUSyMV0mdK4JsE4GuIOCH7RswSrXeIVSZioKOJuolS8Re/l+4I8yjZp9BAiC3GlMMwei5YyA2H8SwlTcOIbxFDVHTKEAu4fRSNhvMfEucwwQzSWbmcI+mUIyDhwx7GFUjKK1HUe0SYqgC4oC+kjEJ4NkUYXP8SwsIqCd7IBeFW2AAUyLuOEpeBbjgwYbIvyi4i95lTUCv7JTiAtbh0gNWbgRSstwkgfCK0t6gzw3zuWbZtzY5A4oEpix1MwuEal2buGpcAl5ohhUAKx4mAqGbjFi3K9DjMJiW12QhLmNb0qQhpVQlQ/aCA/gqGe3Y9o8oiXNlalcB3CKyyhdtZLjue5esruOICADMQwUVQYA0nbM7MVNmLA5eSJCKuRY07YXcRqbwlImFOZlZh6pE0YZbS3zK4vIVMSabit8TIKuKQtJUNhus2RAjPOoHyIFRi6D5jbtWVV1FUAx+GqKQBFDoX+4CZ+ywdQfi4nOEstsueDdjKMBY2/2XFb7LB0tO7x+ZinRoHEyd17QbFte8fLFFUUCBQhtV41N7QTsy4x9NoDQSq0GiLcaCFqwxHO0tHm4Ag8QftjAMHihj2cRkQCBpDzIThlmGvaHlOIKpnTKIJOGoBH3IDND6PMg2I56K0JytkKZdX6GZwz7MFOJzzcV0dwV4gUuLmK1UFiPf+SlK16H0SJiAfYKSHhb2meRJ7iVajTmFDOxLumodFwo9QHBbDU8zUIu5yjzEzWpa3UsTNVAOIjzCNgViEwsLoMQIk5ZSmocM2lxYiLLaljAsirkujEIFKe5xGXmLuOc2Ryy5klIYgYxMZd7CWZtJCCZtVm+2CiEP2iJbDRExA4A6GG4uTIwXeIU7GQAqHqGjeT2hLYi5QN0RUMHdxoTcLIUjtYyi0K4ZeIDdGJknZi4+OXzK7JY3AZmzDKr0yovSVAHgEIPgnqCAApxAr9Colx6TEpyWZo4gaQ8Q79AldeocPEG5LgdDZQwhpyRIxYZjvuMWj0F6oXnWcg+00iVFtPEvIhMo+BHbRLSRMbEcQWoGAgGGFmiqgT3TzhsBEcZX7wJgFUJAaajzFuXHcq3EVI4YleCoeLjU3ATI0Hfy+TBI4hiEP2rQImYClyuEnmWMOLcxwrJgE9ov9Rmye7yiEu7RHtjgYlS/v2Xch02R/IDq4jQZf+dTox9v+pmO7ef8hYOzWSVWt6GWurTxFMzZJgHLpLQIp9jieBEuoLEDghNvEDH6HcSAhYjiYuy2PUKyZgm0FNMMAx6ttxUIvVX3LvBaAxpYtwMpziveNWSAQtZggvFzkjW8ywA4q4go2U4hKw9wHEqEMN5xDB8pUpCYsNx2Bp9mIlMeGoQIKrVFzVC6o3FOo4OIKNKMymosZ/MDVKwZSwljKE4dwrd90QDAxnywQxLgV+2XG/RJUSNIr/8AIu6PtAcFT3EpqVfFxRyH2ngnglaxiZNOpiSPJGbZ8Y2/1Ylj7WU3x4IRRBrUPaH6kiTSobVgqrNy5YSi5sxua3zCWCpiHmQcVDc1LRD5gOkzxFoY4SpRGYAGYOZw4CsQxTbUHmaxZjdXCG4hVzB2bws03DymwjKuwl/4ijFQzJblhEK1s1LmY8QzhPCWpcuiLFi4g9xuhaF5g0ErILA8TNYOEirYqSyChiEr9w/Q+iTHma1N+gZmvS5zExK9KlVKldQJUr9oImY9hmQHUxWpWvtKisQGoUEa7jcTAcCyKlAXqZHkzZFbtGb7fmJqRuJYNylVxaBiUrMB5R7MypuBYT3l6rAmIQSzeYNmHA1BQQNYiLhol3vMLHxFFx6agWxMoswzDL64Q6MI47lvd+DtILAA11Mof/GlyokIkCVKlehK9K/SftMdQArBL0egaj8KHCR2wKnOoPEAbhDGomUoQIs0+8QW4+bg2kntO2e0/wAbjmPsQdb+ITwflKeMxcGnnJdgR2ELux2srxBmPKLSsdSwi9CyyVeo+LJm1M1EUOoN+AcwiUS17lc4cSqP/oV6Prn9LK/eZUFTGMKzE4qH4hdd8iYF1Uw8eg9BlwwjquMkLbMzC5qeAY7H2olyfEPNe0AaBgPJEncb6iwpcuLmMcS8wLmfMPWdUU0DOKneZYmFz4QBV1lohvHoY+pOoLINZHuKrFZA1AqCdQ6qoBUGoMuD60Pi6h9rANk+L3gqz6TRiopwwVlZsQtwai36XLIsckC2ZZemJTuKkqNYoMJOs6JUm84AKtQPQ+pOpkVEaxAup4hWWrYtl9mAeY7gy4MXENSh2RGiN+ajflBTWAvmUIA0SgjvHpU1HMcaY5ehHM5YeGXq8nBLVKuHmDEK58YOsEyjKysMFHqfU6jqO4KQPCXKGKG0jGbosIkIWOO4PUbixBhF+ly4e890uXFzFly5cU9DBluFXUVSiAV4gXVuC2eAzLNt/JcNyBUrFEDHpX1Z1KjZGYLvEDMqcOYLoDGOIEpWD5xG6xLg+gwfQUl28S8S5cZcue6MaTL0EzAxEtlJYDqN2OoTMpbosR/MEVhwcQMYlfouX9WSIBKTFojsjZNjwi9DVkhRBvpl4gy5cHEuX7fMt8faX5ly/RcWLHMNQgG4LP5RBPECAOY7x+JUx5USjRhDeYY9OfVh9XYxHuGZMMZUC0m45QjdO4gJNZpBrD8sVlo+GC8wXUuZhKhOPRVLix2lgMs4Kly/UUXEiq/ZTCix8sFAUeh59D1WXH60ZSRFgpkMvQHYUi0g6xEtUublMIuZviMrPyxWRPvDz/M+2PmxXmFD/YPNTXhGqzjUkRkGbNrUNFE5OYSFzsLhNAexApmOpefRcQYjzLlJd6lzf9B9WS5cdyqiTABU/PcS9Q4HCHV86xCmTpmWfntMNfHaff8A9TrD5/6mjnyzD+6LhfgzEyiryoJB1pqGVAA4nxLz6Edwy1RGFqNlFiEGcNEs6O4plrxHBZfBKIIWhgNoqbMuXLh9WqUlFypUS9ykIq+I+yU6JTpOek8CFGpQ0Ep1E9FSsxxKOiaRe7BtMAtQC9yszQ5kxqOUYAw/hCmfskRU0e0sqL4hEqGQIV4+cy/1G7ZJW3MwIfXVqUI+IC1UqruKWefFK4Jg9+h6s3MImtDhuI0rTBxS+lORu90b2E8JioeCogTR4h3NndwfMwgMXUajAQb8QM4L0QuwFJ6D6vcWD5gwb9Lj5dBm2LjtgODFwDAMFRd1C8wRf7dQ6TGXcMOKRYq4pcMno7qOJdDWSYTFqoAUO0Mxsg90GBIp8IkycF2INOovmKM3F7XAXcWKDQxWG8GnAJcPqr6OzlWICoUoYqPoJjLdv2l7KLw3O1iV+KqV5BSLtgQk8q5ZlY7K3TNKqZA0jxBSWS00StyMtyM4g0RG7Khtm+8Lwa7gckUZDAXudqhPEjVncxkqWCmLiOxC+6mJ5hMtBmCRhzGYrPMt2CO8wsddYim6ylxy/qxHX3gRUovzAyZdkEjA0LT7wMbOan+Y1oDhx/cMqIFLXAITCnKRYhHLxwZlE55gy+KnzAqKdXiXLiUra/zEBZGKRBSluyS6ZPTlGlX25dNN0qOrYuyG9tCdMfBMmfQoIeYZyzRqMsUXPMERFvSpuH8CLZipsaj6ShAs8TcPqjCYKtwMljKSlAgeIiu3siKaHxLSWcIOR6LiVQKcsOCvmU4avFwHTh8wyKfUxJDuMHdARoYrv0yTO5l1Lg9DcrHOquAh/eUO7mfuByQ1zEaD5jABbF3E2Dlu5fmrzUzZ/H/7ELxwVEEz1cFRPpf4qMiXT3ghsNIfVGXhg31mZDhEY6nKWHCkftTyyugajuZP4MEu3JtsTwR6AXMdPzSAzv33LQG+IpGlS6vDdEEFWG5wT8S0wY44GYauYMKRfBUAJ+5CQxZgPypZIPiWAg92oBR7DDbPvy4AJsqv2mTWJ78xQMhA1J7ghCGwWIIE0oV+8KNILlZhfUu/qg2b2qymM4U4XHI5M0ReFWwYEoUEoeZxPcjO5owxZh7lvmWrIkrYOQhpqOIpgd/cSoVJvogOiZ4PsldgyvBA6I5kjxB8l+IXaYRgVAkWQmUXzFmSPvExwY7RS8SiS3yQupXF5l43mD2xBIgKnDGGUTglbmMVmFYd19Sd7mzAisYGTSLzLewwrTxh4wEKc36Njwm0dehwaiwlqG+4uBXgRVRxyErBu6DFpWXS7YYvTLPpuG6jK/8AXDKA4ZasxOpTbNacwDWPNSwz0kBV0YONRckRgFlZgXqJvCDYWiudP1B9MSXS6jhr1plzALhHmBoaQk3gZdktDMMNsfvEb0y0zjFiL6N0eoLeYuEQtuM9QpK2GiKvggrgaXbFnYldkskLIuCGARH2uVT8RQ4yfMAv87F0wPTDlRRtmCIvZ8xb4L8RLy+8NBhEmbRqrliR4gQeYazeUe8c4/P1B9ABGqSsxa2NvIjiouqlWH4nGLF5DXcsVS95W6feP0PvFDA/MQNn3ixeh5nhGG3I1AqJz4QLkt1KhLXiB/5xt/rh7sQUoU7Qjih8O5SDsAms3xD4qClNQZ0eZiYmIB8I2QhrI/8AhJdlR+YjEyViLvyXXUPEWty23UZqyKvMuPQv3nP1EQ0EEeGPqBygURQidEsqDW72UlQrgg4Gf2xl7we871YGY++iNfcSgtIdzG1dkDMrpIEXX5i7jNeeziNKqYphZ3iFmI4Z4SnbKYC4RNqMAXcv1yzG5tH26lzr+IUp+wVPzfkCAVauomIoqMOL+IxEDxPC0FdyxADYeYUKoAqiExUxN/QfMsXEsMWcQxAAQ+o1KlkUOHEXgcpzAmQLXZ7wCVsydQscBFKsYxNoj/AnEtsHwlCjRYZQxQv9pXFbxDMMCsM3cMHHVo4WBtCAlz5InCR8w4hZnEdiG3bo1B0oXSyGoB4CeyUeY1EeSIqbmM02+ZnAQ6gwMByzhiFxe+63bcIwoagNtEs6ISlsnF7lditwhDzgMu2GIel/UklQCiFOJsmEeLYdQHDxPaxIxOCnVQlXsEusC7JmO+2GOFvEyS08XFqt0bnKBxL1SkF0h4l2uyEZmUHPZc2PsMp5ra6iJrNWaMczMhdytFPef/oywpfM6EdDFHBTcEALq6mlHgsilNsChouv/nMoADlu4mLVCCgKSlP3QbM9HKDX0RcAcwLUWtblBK9L9L+mN3iFw/SlxyxciC72VbT7Ee4XZ0r3qBWo06V+ZQe3yWA+DEtbzWVJcIXFMeuzozG//F9pmJDG7N8ZyViWku2iNAh5IG7u6/2UJbfJD26XJE72a0YgF/FiYc9kH+5/SVv7lhSDgxceuGnImPac7HzF6ult1VAweQ2SpKfonPNzaYPMQ0AuqTNPwYZlyEuVU+0xCnup8Q8VBoJXrcv0VhD6MsaFw6/dGGNWJUj7MUrJ7M/DAwS3TxL8etTIjDobsFxoq0epmZeHTKZWoptGOryGGrVwjHRUp3HWeFG/sEsr3lJbK/gw3V7FR4mfaW9PgqG0fIx04YDoPmfnQYPlfeVbYnS4b9ijFKwHipl5qN7XvNoJwRH3cSudSmEjL7qNy1RwpznqBm0CAXChqBUQSuIeYE2E4Iph7P8A+Rr/ALv+pRll7v8AyUOW9wgSDyMPlB+iOo1FCK3C5qKVLJBRYuDtTDn8o8yPzLY73ctn8n9JWG8mLhAT9NSt3Gif2RhlVyoRK9qws+JupYt3dp/KMgqmTuKYhKf5gQNWb4mWN8Q5IOSEJ7+wxTQ/ER5+KDcqMckYyWD0fikc8l6agkaLlyjJAGQNfKIlagg+21upxzMeOtEAHzKmEopwQsTmatg4rzEpKT4gBma5we0Fq+OmE7UCZcQSir4GafRHUYU00uZQG2EarWKlFyiurlb0Dphqk8mIgOhXLh9B+Z+KfqZUpcF/lWmT5iOwrsqPysQ1jAYlRusO4XbPme8Y5xviDW/al2fwRzgv2j1PvFf6QElXqBCoiMGHZAMd7CJ1X8RWCHvHNJnAR4OWqawhxMpbfwwxyYi18sqZIFFVEviOI7IooLU+8rg3ZqFjVdxcWRwjH2ioYdsAAbFFsYosv7kHH0W8sW4t0Q6ZHzCB5gUe8vZTe4F/0YDT+cXNBwhXYjxcqXQ4gILsM/s1A1RFbHwhiMUFUF/EucPnx/EbVnstw4Gcq4KObCotSD5KlTQyxf1h6YUL1mqV7Evov4UqLV04oa1RckjwjzauAjftZ9qhUIdBATA4gr/RU0i9VU0XiAAxhvFxIssw2uIymOg3MwxexNnprLEM7YDaWy1cMuaR0NJp9EZQ7RiwcvLL9d2KL/uG1SeIoCJ7TKIMZguZU3j7uUIzxC+f3KlRMVqfmQPQ+MtO+rmuP3QtyPun/ioC3R+WKAHus2DfJPwTwv8AbJhisftmAg8MuCPyWx1sEELRxessTFGV8WPPtCV/Uag7rAQacWgkCgwQ+iGUlSoEqJfoqVD99IEqJKzKlRsypWblZ9K/ZSVcqoiVgL16Kleh/wATZz6npzK9Cf/Z', 'ADMIN', 1, 1, 4, '2026-03-04 06:31:03', '2026-03-04 07:17:13');
INSERT INTO `users` (`id`, `username`, `email`, `password`, `photo`, `role`, `is_active`, `deleted`, `version`, `created_at`, `updated_at`) VALUES
(161, 'string', 'string', '$2a$10$YQu1KvgI670qnUK0nQxAuO4emvKVJ94VrPMigNh9QbZsgZjHSUvDO', '/9j/4AAQSkZJRgABAQEASABIAAD/4QB0RXhpZgAATU0AKgAAAAgABQEaAAUAAAABAAAASgEbAAUAAAABAAAAUgEoAAMAAAABAAIAAAITAAMAAAABAAEAAMb+AAIAAAARAAAAWgAAAAAAAABIAAAAAQAAAEgAAAABR29vZ2xlIEluYy4gMjAxNgAA/+IB2ElDQ19QUk9GSUxFAAEBAAAByAAAAAAEMAAAbW50clJHQiBYWVogB+AAAQABAAAAAAAAYWNzcAAAAAAAAAAAAAAAAAAAAAAAAAAAAAAAAAAAAAEAAPbWAAEAAAAA0y0AAAAAAAAAAAAAAAAAAAAAAAAAAAAAAAAAAAAAAAAAAAAAAAAAAAAAAAAAAAAAAAAAAAAJZGVzYwAAAPAAAAAkclhZWgAAARQAAAAUZ1hZWgAAASgAAAAUYlhZWgAAATwAAAAUd3RwdAAAAVAAAAAUclRSQwAAAWQAAAAoZ1RSQwAAAWQAAAAoYlRSQwAAAWQAAAAoY3BydAAAAYwAAAA8bWx1YwAAAAAAAAABAAAADGVuVVMAAAAIAAAAHABzAFIARwBCWFlaIAAAAAAAAG+iAAA49QAAA5BYWVogAAAAAAAAYpkAALeFAAAY2lhZWiAAAAAAAAAkoAAAD4QAALbPWFlaIAAAAAAAAPbWAAEAAAAA0y1wYXJhAAAAAAAEAAAAAmZmAADypwAADVkAABPQAAAKWwAAAAAAAAAAbWx1YwAAAAAAAAABAAAADGVuVVMAAAAgAAAAHABHAG8AbwBnAGwAZQAgAEkAbgBjAC4AIAAyADAAMQA2/9sAQwAGBAUGBQQGBgUGBwcGCAoQCgoJCQoUDg8MEBcUGBgXFBYWGh0lHxobIxwWFiAsICMmJykqKRkfLTAtKDAlKCko/9sAQwEHBwcKCAoTCgoTKBoWGigoKCgoKCgoKCgoKCgoKCgoKCgoKCgoKCgoKCgoKCgoKCgoKCgoKCgoKCgoKCgoKCgo/8IAEQgC1QLgAwEiAAIRAQMRAf/EABwAAQABBQEBAAAAAAAAAAAAAAABAgMEBQYHCP/EABoBAQADAQEBAAAAAAAAAAAAAAABAgMEBQb/2gAMAwEAAhADEAAAAfVAAAAAAAAAAAAAAAAAAAAAAACkqa3YFSJAAAAAAAAAAAAAAAAAAAAAAAAAAAAAAAAAAAAAAAAAAAFNQ4/B7zVmbf8AOu1NkpkjVbXz09DmisCAASAAAAAAAAAAAAAAAAAAAAAAAAAAAAAAAAAAAAAFJKnVQzuCyuerPo+Z4reW9k4zj7Z7Nl+PbNHpzjOitGxmipEiQAAAAAAAAAAAAAAAAAAAAAAAAAAAAAAAAACGNDIcXy8T6hq/M5pfuNZztUTew8zJrOvys6YnU5uTMxRgbIW6b8GuxN5Sm33XneDantVXlHR6V7Vrc+a1omQAAAAAAAAAAAAAAAAAAAAAAAAAAAAAACmdVDG84tXMtKL925npZquJim7SLi2Ls2Urq1MLq0Lq1JdWhdpoFGJnTLU2Nxr5ruuz8Ky9afQlfhHezHdrF6YkAAAAAAAAAAAAAAAAAAAAAAAAAAAgmmjm4nf+ZYmspbJy7FzHS7Nom6twi6ti5NoXVqS4oguLYurUlxakuKILq0ldx8fHNfl163Su71uzia4/rvkmFavv0870FoqAAAAAAAAAAAAAAAAAAAAAAAAABGtueUVnL1tdeOsU1qWIEzAATBEoSlAlATAmaRUpJmaUK1IwmYmObtdHzutd+syi7RSMP2Hye1envk4mXaAAAAAAAAAAAAAAAAAAAAAAAAFNWDDz/R27+GyYUtMIJW6ZXYtQXqbUori3TK6spi8sTE3lmuFdVtK9NmS/OPMTeU1QACUc10vN2rsarEzF1ZSu2ZI6z1H517XSvq84ObasgAAAAAAAAAAAAAAAAAAAAAAc70PHxPCXbV3n3RRbiLlERKVq4Ra2GQjV3srFleu62k206eTbU669DItXLydfa25Gmr2WIUTZJu1UoXqse4m4COa6bnbRfqwlq5sUWjITETj52MtHX+peK9nNO6Y969akJSiQAAAAAAAAAAAAAAAAAAACOc6TCifHq6J59oibYu3rkrlnFxDKsRWimqqkmaIrNacvO2HRtr1LaGejzMrczl9RqIYbDvdWV3HyJvGrp2uNKxVjXC/dx5hfRKYx8qmWgwOhxdKa3YajaonGysKLdZqt7r6zVtNLuJjL3XNYdq+sZPjff3r0ymq1QAAAAAAAAAAAAAAAAAAFNQ8u0Pq3lGelVuu3lbaavP18kTTEyub3C/PbDrr/AJ+/P5+15XLTpK6d/fPS17uq9NNVuJvXTU7tMc9zvocbV8gyPS+G6qa+Me/Mxh5qY1d3IwyMuxbTsIxsmJA0ON09i9dXh03rx182q8rWsq3VE3lqqYazaUzHY9L4z6ptnsxaoAAAAAAAAAAAAAAAAAAEcZ2lEPDp7rhctaF7P59cPfbHN8jrouX9llGDm3OT7ccriqptp1HaafcdPNKF6VIEqaphMCYhLm+N2nQxpwd7q+T0pVRZvzOBGxwS3C5K/XgXKsuaajEtZ6y9Nmar82ZTfmzVMXarNUKcmzgXr7LXznR7ZyJgAAAAAAAAAAAAAAAAAARCnmul02d/PeinL+c9Sc7B1N8uu0PK3+3OxidTvVuM7DbY2mWZOq2mmciEoEoSlAqglwWj9E84w6PSth5Z6Hrnhc96A0y8sx/XKZeMx69p8NPPI3mjutV3Y3pXewYM+cLILk0zVXVbF2qzVK9bipOR6r4v6nvluBegAAAAAAAAAAAAAAAAAEGPWcflLl7wPRq2GPtcGjy9m9LCxep5vSnT2/JOW6aeycjzfc2dhn6fb8t6kKpQJEkwlPPdBqL12Wk4/wBJT5de9B4vl6ey2nlHaa59JNFV8li/FGj1nT6jyurgsfv+X7aaa3dn0sIoovlvKs2zOYeZAImqqhKjqeZvWp7Aor3yCQAAAAAAAAAAAAAAAgCFPL7nlvN67t5c+f79jkUVevw1aKzoO7HX6b2qnvw+dp9v8f62v7HmqbV9R6HU2PI269TPHtM0iuIEzTMmPXxtoxtT3+u9Dl3mV4j6fz73OX9Ejk24fscPWnUxE6ZtfsLfPfTU3aPC7eW0Ho/O+thzmPdr9fmTj5BTRetmWx8mJAWb1i0ew5ul3W+ASAAAAAAAAAAAAAAAECmrX520FOPl/LesycfKxZ+uzeW9riz+mt5nr8VN3jNlo33z56B5JW93d8313VTpNvz/AGHM2mRos/xO7LnWs7Z9equQ2c4ka00Wz0/S+pyc55d7H0PXn81T3PA309F9C+eem5L+2vOey477RTVnaYmmGvw9lq/I65imaX53nPQua9Tn0du5T6WF1auwnIx7kTcAsX7Fo9Q3uq22+ITAAAAAAAAAAAAAAAAgjkul47zOrJuU1/Neiv2JtWrXxk+5x9Tft3fb4PO+f7bmejPy+na6vHWO+ytprng9toOhx00my1Wy+a9Et0WX7uLXE5Oq2OkmvQ6/oeS+i8zqtp5lNrZPjuy1kW2PTaXZdNfY+I9Isck+P95pui8zr26maRY1O21/m9GNF6xXSaYnorxuJ2nFehz2b9FvqyyK8a/E5CJiURvrV9EvxO+ISAAAAAAAAAAAAAAAU1Uw0envPnPTqqPJ6KYUmBstfl+9x9bctXfd87H8k9j5WzB5y51/RzzxufkUv12t6Lj+Ppt5cT4PdaouUbQu27lJu6bd6a0drzvQ1e95vm3nncZ3Rn5Xvtf6PhtiYfe81vl6davW+bThsirH8T0uijVT52udj26ua1FnKtdFbE01d+dWg39EOCt5ON6nPkpWreUir1XXdFtlUL1AAAAAAAAAAAAAAAAWb2FnblMjEzPlPWrsZN/ONTdytbra5jxh9uXoGVrMz6Px8lRVW+k5j0OJcv0tVqYp4XoNXwdOyoyKfH6sKcqu8YdzKrtFvR9Frrxttjy/Se3w8hq/SOa1pet8rdvnqvS2zpqtXMaI5fGpveB6l6q3V4vbcqt11iumqq2WHGVa9LOJVVc3zPe6Xvy01HbdH6fLwPoO0qvmStAAAAAAAAAAAAAAAAAEajb8/wA+moy7GX8r6uZk6+rr58+3i1601/PdrhU01/ScF0/vedu7mFV3cubGNFZvY9rlsNrfT42b4XoKa2FqKqpmCVoimtZynZaCj1OXrLmFc9DmyZsTFr1NmiYqxKuYznXbXFyflvbrYsc+udXbu5RVUmtKbV63rWmZXWdjg1dlOtmJ+k8tJIAAAAApklCEqRUhKUSAAAAAAAARzHTctx7WLdy18x6tiM/CuyMvGxYpt72HfmlvQdLHRTUbbE1/q8e+wddnXrqt7l1+f1SMLTMLJmlMVTQK1Aq5zoWkardc9g+vx9k0eT282ytafT5222ltdB43pYGw293k1xb9FE1u2KrlYxKNjjc98aiunj3pTSmmzfxe2na10V/VeTItAAAAAEUzps7ZuFpL/mdW7zOUtnaTymz7cNzOLe3zuKExWokqRMiJAAkABTyvVcrx7266KvlPUnA2FKFzW7HStddNUVmaarxMl4mYXipE2iVKYqRExURrEzSrNaiazVEETauJnWWN0vXV5WXFJi5bpquURFJsa3cU56anH2ePN7ux11lXYUzTx2imqK3pxsnF7qdpcor+r8iRaAAAAETBTx3Ychw9G5i/Hm64dGRa5NbWNmzFtW2zWuobau8aindVTGoy8uxvTZ5nHVdWfYTrdh3c9U01XgJCgnmOl57l3xKrd75T01VM0rRr9rZ2TkcxsNZ3FVm9GczS0rWomVSkVRETFc0xMVqF1alSa1EFc0zCVKVaiYVRCEwQU1UUlj0YUXjaRVSVuuMkRNOdoiSaMfIo76ddXFX1PkBYAAARIIhGh31Odue2mnjzOnaWb1PNbHqmMNJmm5MUq4mKKa6a2iaMSts3DwJraNhrqN47e9xvWe3wX1M9WUUzBVo91gYac5lYeX8v6s1UznFVVEzXRcf6PwXp673banrteXCv2sfJnzrmc7GcG9lN6bcxNxTExXECZoqJUpiqaBcikVTbis3mPjTOxp0Gm0067B5Ls6yzqp5qRE05oiYzmmJilorXeiuHXbzO/Po6on6LzAkAABTKAsazK+6afYxF3VbbXRbR0TR5PXfuW6KzG71G3ziIs4KNnTr8nO9ODtaqSv26OjO7i1UY319d/Wxp29Wl3P0nmTTW1rbtZFNJ4nLs3flvVqqpni0qmmq9Z5zo8Ppc32nnPQ+xz7vN0u+6uLPomrauDour5zHfkMnkrfJ6vo+Rq+3x5OddDFaaGdhEsB0le1eXjq7aOXq2l3K2l0nZ8/NuRwrNjo9Cu2m9976By3X+XzTBxZRExnMQUtSXLqq67XZlq+g5vsu/LImJ9rhAAAAox8nSZX0lebkfP+hqKNnRyaUYtzI7cs+Mu3fLUazp7GekWNfZM3PzIvTB126jC+p2OJh003FFphNVNNON5tVFrHY8V1n0XBnIn1uNTVEOaw+g5fwPRzKqavF6Zm3VelylVZx/J+k+eezttPTPHe89Lh6+cW7rw3eS6Xzyu/LQow9jtu/867/Lyrs2ZplaopnorvGO7aZOMtHN7DTZfmbZePZ1+enL6nKxej1Jy8TpKX6za2b3jccEYxBGUxExE1XqMnuzYWfp9Yo7Hn+h9fkmTuwAAAAp1G4sZW0Gx0HR+T1YdjYYvDrgUZeqy06yi1lerx4tvIt43taTeYOOu2q0287McS3lWOW9jEy7fJvqc+MPO+bQjC1VUX7Rg77n+n9zjzpifb4kTBRxna6Hh6MGcbI+Z9FEU9Od65ZuYTHFdxrd9PMruXrfb36PecBOnN2/IY8ReLVdpp13f+NdJn53obg7dMeo0fKaXqe3Z3iefvX1vQef62XVbDzy5zdHYaPW3K9N6q3ejqyPQdD2nmZXYR5+AikwRnMSvbRcvxX6vPi6PPt46dHmU1fQedIvAAAAERVENPqOt1fHvdt6DO4NL+Lm2+LfTdFrdbaest6LZ9WF21dtc9tPs2srp1GPpNv05W7WTa5NMai7Y4t6ZXaTMWLfoZT19jK9/gTE9WQEWb0VcTk5+p+f9K5TVRS0XLU3rlVRXw6c5xHq3L92/Frlr09pgLdq7RfK1RkUXysRfybU1rf0w0+/6XtcuTyTn/dfKbOfroq06K7lq5Xa9v8AF77g0yM5HkYCMikiUKqq8qjI9XCcbK0ulcHp9H1nTSqqHqckiQAAAEJERUha1W5Z25TH7Knl14ursZzvy9/o3RlyVHYRS3IR2CluOr6+Lxxs9dZwtylHVsdOTvdZe2pod3cnu54mW1AkAiULPH9rrOTfQRj5PkdtEVTeq9bv8d7imcp5Xk/W9L6enmkb7T9vTb6LH303x9Vs8SL2ejtXorfsWtlTi29+yjzL3C9pytp8vqbHs6sLotv2PDphbWu35VUI55QilkSiYyacruym9Fr0efG0t3Z4bbTMT7fnktIAAAAAAAAhKEBAlMSSRIRKEJShIhKASAAAAiKohz2n7blPL7Lc01+Z001JzVVRXjM3rM1iNJvq+yeLtdpjb9HJOgxtNtdVft6Wp6HRbGvBumqZ8uy0GyzK34zqNsi8UUxyhGF5iFLQmIhejI6qVXqLnpc86S5gY63uts5Xr8aYnpyCQAAAAAAAAAAAAAAAAAAAAAAEWMimrjauo5Txu6/NFzxupVDGakCZhaJqs29IzGJXpGQsTddmwMmcKkzox7lIqiGckKyFURMLTcpvdWdd+irvwuaynW1vPV05/p80VJ7ucAAAAAAAAAAAAAAAAAAAAAAAABEiizkxSeOjrea8fthhZXidlxSyiuaJlVBJRXMrcXUra6KKpRAiUomBERM0ohNVN7eKr9Nnuxv66ymbfTXsr1uRKe7nAAAAAAAAAAAAAAAAAAAAAAAAAAARIppuRDR6Hucbg6eYuMTw+7MmirivKFVU0ipCYmaJKlJNUQhKIEQJqpm69OPi9VMvBudF3Y6voq59fiTLpzIkAAAAAAAAAAAAAAAAAAAAAAAAAAAAAU1CjB2EZ25LE7jF8/o5e7l67zOu/ODXx6ZkWq8rVIVVTRBXERZKi1aMhg17Vv42x3Hfhzu629XqcluuY68ZEpUipTMpiEJmJkAAAAAAAAAAAAAAAAAAAAAAAAAAABCRTMoUxXEMfB2zO/N4/WRhpx9PZRS3Gz2Ss8fc6yb15nM3TWmHkXG1IkvWKqbcTdYsUnJwdLRy7ZNrOvc19Xe2GPaMrO5SnWvYTrs7uwrUzaJEgAAAAAAAAAAAAAAAAAAAAAAAAAACJAETRCq1o+Hxj0PZ+M52L1tyfT9K8ibyEkTBGFf47j2ycfNyvG7NTO1UaTPy8RbY1aXaTS9ONEM3FtXDT9Hgavqr284+R7nBIsAAAAAAAAAAAAAAAAAAAAAAAAAAU1Uw4Dc89z/FX2K75BvdJ7vhdTgZQvZ+146czR0WqrGv21nB1n1LaeN9D36eiR5nb6Z9Pt+YW4d/oNFtvI7enrpvc6xbv0Z2sRcpwvbKMrsG1qdXS0a3Nxtfx7sVtl9HxPafSedcHfzgAAAAAAAAAAAAAAAAAAAAAAAABBTOLV5/pLlvyc5jb5eVeftdfbtHNZO0xJmcrT4qOnwtRmmvt7fVWtvc7k870dN852nono7fPxjr2W98y6DyersLeqvZRmWsXCy02Op1tnWLtFWZ7XHrrO7WrpMnZY/No7zzLKvHps6bcdeMgAAAAAAAAAAAAAAAAAAAAAAACBFknzqdFw1jaTuuHNKZrFNVJTE0optXIlr9dv6E81k5+qm1uiadb3VNfpaQTcqpUtkV4jHTKtWiLdN2eilF+2tGz2XL0xHYNHu0TTXBqepwdMepzr9gAAAAAAAAAAAAAAAAAAAAAAABC35t6Xx2Ti5pr8nPb7flOoitSmJrVTEE0TTMRTVSU01UzFNm6WxrHa7jo6fMb3o1d9fNrPp1EvLbfpGlhy+X1O4i3ET3VR51gepczaOLdLb7MudbbXWjF6PnekRlgrs5uoOr6LWbMAAAAAAAAAAAAAAAAAAAAAAAAiKkOW4v1y1zx47f9B5HljVU0XM6oURN29q7yNrkaBFemjnc2I2d/Aya7dte5TL16+gai5Ndk11jSNxatbPpz5PM6KdHOYfX25jiLXRYWGmwycPD6ctpw9Fm0WOgiRdXidRj+iGbUAAAAAAAAAAAAAAAAAAAAAAABAkQCTFyh5ZleicmYFnCyjF1nVUw5O50Wvq1drPs4xk73mthz77edbei+ZXi11Xdpp7/AFZ9VkcpY6suzo4awdxicTYOs0uqvlq1urhi5NckZGlxDZ09L0Jh50gQShCUJSAAAAAAAAAAAAAAAAAAAtaQ3trS5JlTZoNhd0lg6RqdqSBEi1z3TDxqfWuMNRm6OTpquXg6ezobidtZwKoZFNusUXSLVcxKq9i0G1u6Gg6GnnBu8PEulvEyehND6bk3yJmIKNfpsb73EtZOc2Ksmgv5mhwpjrZ1uy6KBYAAAAAAAAAAAAAAAABq8TO0Z09GkoN60kG6wcG0T1PLdUVAAARIxOU7aDyex63qjhKtzqCKMagy4x7pVCCZpFycWkzpxMsixut2cLu+7yDW7JJEgpqiHLZ9nR+dv2FfOb20XY0uNE9DqsCznOb1XN9J3ZSN6AAAAAAAAAAAAAAAAARYyBpcfoZOddENDm7CSisAAAAAAISLePmDU2t2NG3g0dzcQa3JyhbqqAAAACJgp1W3UnmaOpjO3M0dShze12C0U1xOtQkAAAAAAAAAAAAAAAAAAAAAAAAAAAAAAAAAAAAAAAAghIIkIkAl/8QAMBAAAgIBAwMDAwMFAQEBAQAAAQIAAwQFERIQEyAUITAiMVAGMjMVIzRAYCRwQUL/2gAIAQEAAQUC/wDhZi5lLWf80Zn6ZzbE1CzGeqxbU6t7DGzUvs/5XMw68lD6jS7MTJTJr6GW/wDi1ZTuP+VuqW1LqrdLuxsyu6rv1Tv1ma/sWxm5U/8AJkgTI1CimZGuTIzcnJA5rOJMCsJaWlOXlVhNYyUlOuVGU5lNw/4yzJqrj6tjLH12oGzXLWluZlXThvAkFRl9XtXUvDtpMircrWvE0qY+POD1zG1TIoOJqFWQP+HttSpcrWlWXZ2TceJMFQnETaCsmLUBNh5bzebwjePVDWVOPqWRRKNbqaU5dNoB/wCD1HOXFS6+7JcKBAs7c4TgIAOu/wAO/T2hrBjUzgyk6jm4rYn6lmLqeNkAMD+fz8kY9FljX2AQDpvN5vN5vN5v47zfpv038G+1qBlCBbOwwmPqOZinT9fpuiWK6/m7rFrXVs31Vi/ZfLeb/Fv5vM9NpivujKDLcYGYGo34FmDm15df5hmCjM1WmkZOXdlkjZoJv03m83m83+PebzfrZkJXBmVtMjaynCb36WVhxVbbgW6VqKZlI/LZWVXjpmZ9uUypt02/2TjIXfGrYOHxziH695v0b3iWPh36XnpmU/lMu9aKcu98u4D/AHrFDiscLwZvN+jbEYOQ+DlY9q3V/kjNcye9cBsPPebzebzfpvN/Debzeb/Ef8rfxsHJf0znEN+Sy37dAPN/Heb+O4nITlOc5zmJym/lvN/N/wDK8nJqtwdVuqmNet9f5DW344df7em838NxOUC2NBjsYMUT0yTsJO0k7STspDQkOOIaDCrrORgbw3m/if8AJ8rhuuGeVOk5Rx8gHcfj/wBRf46faE9TOUWqx4uOBP7aw5AEbJM71hnN5yedx4Lmgvi2AwNN+hUGGmFWWcvAHwsx7e7xvWC2Bt4tm79G+2Af7li7HTdWTilquPx2t188Sr7E9S0roZ4Alca6G4wlmgXz9ptORWLbFYHweoGMjLA/UHxsoR5djtWKW+sMRZ0o+nKtXcbfUll9UXVctYut3iY+t1MarktX8VlJ3KQO3Z0Yymr2eyM28PuQPDebxa7Gi4lxg0+2DTWg0yJp1Sz0tXG7T4RZVEcN4PUDNikDb9N4Dv4ZasynE3rZTXYp3EX/ACh7rbXKmg9wUEeiVW3Yr6bqK5I/Ema3j9nI6Vjlde20J38QGaV4NryrTlE7VNZCjpxMFTTstOy07LTstHxuYyNMbdi9TA79dt49UDbH7wEqVbfxupa2/ZqWB3i/5SfYjedv3X2m/Rl5RlaqzSs8ZKfidTxhkY7KangPCy36h03lVT2mjT9olKJ04mZtm9umMLa+AnH4L8au5czTLKStng6coQUO/KEbRX8baw6/VQ2IOd6/bfpv4H3Cs2NfhZAyKvxOs6f3B9iw3g5LCWleOzzHwQIqhREqJi1gTUc1UBO80L93xGZ+Lj2S/GuxitgPUjeOnGBt4ViuVgYHwvqFq4tPa+G0chpGT6fIU7j8QRvNV03lPsZTVyNVWwiVlolYEd1QZupbwncqpZtPx+zX8erOfVYGQuRTlaQjy6i/GKuIOllcDTYGbbRbICD5b+O/S5djo2V38b8VqOmpeExWS2mrjNpXVHsSsZOpqsvyHuI3Mx8K22YmElHy6zXtbTY1b4WSL0ZQ4ydKotl2kWrDiZaEreJYj7/UsBhXecSILCILAfLeb+De80m/0+YPcfiDM3I4Kib9GyKqZfqZMZrbymFe8q0oynCqqgAEyrhj04GX6yr486jvVOvBsa9qbMTIW9OvEGPSpl+OpmVp5h5KehE9xBYYHB+F/pbTLu9i/iMm4VoN7XEqr9jp1ZdMOlYKkHVrESZes41Evy8nVXwccY2N8WbqaYt1brYmfhC0WVtWca9qGw8pb08HXeWLscjHS4ZFD47bwrvAdp7GFYHIitv5v7r+nrtj+HsYKtzm60SpdyOpYLMzWceiZWv32y2+204XpmlIsxhiZi3D4tRwky6sTJu0rIrsW1MnGS5crAeo1u1L4OoLZAd/C1dwRsXQOMzCKEGEbz3Ug9CsV9oD5YFvZzh9vwpmfcSUXYD71DYdNQ1GrDXlnao2o49dB4bTjNpoeaUfKoNRw7+9V8Ntq1rnsdQONkZGk3Y16ZNRAMydPSyX4VtJxNQeqU3JavW9OhEzsPYg+595+0g79CN4p4nfxP02Yrc6fwuXZ260+oxB9Q6apmGmrTNMe966lVfR0b6lpVN1Ny9q3abFGwLfU4WG3Yyx8FjBVdnzbqaVqXUjimtM04WTp2p1ZaQjeXYdVkqwXqt6t9nHvDM7D5QHYn3n7T0Ye1Xjb9tJPLC/CGZlnduA2Ep/dMy/tV4FBaBYPbo321wg6jS+xZd1/TD7jUl4W0tyrm83nMTfrqNxd8WgVJq2f6dblyXO0RmrbTde4zHyK718rh4Z2JvBGEHt1Hjb+3Rv8H8Jl2duuob9aPu52HvlZqLsBNczHw7atUoNOqa/WKrGLuJirzo/TX+bqy/+fBsPp+cLe5boDA0us4VafX3bbmFVOnYaEvSjL+o9OXGO82mmVZLLRrd1L42fj5A8L/2+GoY0BjCId+o8LJpy8MX8Jnv3LlG3Wv75T7JpI5OvT9Vr9Fte+B0E0+v/AMn6aG+bqS742mn/AM/Tfoh6ag57WBVwo16ztYWn2CzFn6ttUYsqHJdAtNOo5OHTkDL0FUlWRqNDaVlXZCdLf27eBG8zaDTZ94fZt5vB4VL3MiteK/g7m4ov1Wdd5lH6NFH9kdP1JT3cDTSL8PPxjj2zT/0+L8XJqGJi/pijajUjtjad/BN5vN4D0zTyuqGyfqn/AA9My2x8e/8AUy8M3Lsy7Jp68pQO3qY+zywdrNxn62/aHwvrFqWL23b7AbzhB7dWPtoVHcv/AAmpWbV1D6fDK/j0X/HHTIr7lNO+n6hk4leUv9AXljD01OsW9+3Bp9Pi6w3/AJsEbY5h6CCCZP8Amp9v1FXzwNN2twsuo1XTTtNuzpiaY+LETua1/wDjTV12uqMFg27ojWb9DCPDUaeQET79B0rRr7cLHGPT+DM1BuV48b/2aKf7Y661pozKsDUTRFyKWGoarWg0LTn7hmsNuahxqPgIomb7ZVf2yKxbTgMcLP1fTO/LMa1G/TD2VJqNyrX+nKTflRprQ/t0/wAfix8LF5Lenbt//vpv7Vo176XgDGT8I/7SeWR0d+M7ogIMb3GltwvWDrm6bRlhv04m+Fo2PjH7BjH/APRqBEP22gXeFYqxBNUXaYzb0ia5pxvGm6ms4VPLXqoTIts1PI0/GXFx401k/wBqn+LxZd5t4ajXuF+++05bnD027IOJhV4y/hcltq6eijlPT7x8WPSyxXm/aya3DKDN/Emahf2qdNq2QjoRAJxgHsBM+vnRpVu9Knpn6RRlR9CzElf6ftc4eHVipDGM1ZuVyey+RHhkrutelW2mnQhMfAopAG34fUTtRQPoAlY2m83jKDL8eXqQNMv3UGAzlOU3haWvxUlsvJQcR02m3gw3FRONmq28Bm/gTCZa4VQe9k/AerjddLb6fxOqH+3V+xfacpynKB5vvLqQ4tR8e3FyBcoabzlOUdwoyL2yrMaoVJ8OdR3E0/J3AabzecpyhMLTUr9zjpwQsBDZAzxft5macdr/AMTqp90+z27TnZBa8W8GcoDN5agcWY70NRniC+tp3VEuzq0BN2W2PQtK/Hm4xVsTLDwNOU5TeEzLyxWKl993c14hMWhROCw1iGqFSPPH9sofidU/kH7Vr2JHtT9LtUpn1VGs8h1sx0sh08QadKsKtIo2+UzJw+RTMsoiZtTD1NezZtSy/OayVUO5pxYiKs3jPOc5znPvGXyT2yk+3z2ZCJPX1RMytorq03/1dU/mHW4cWrbkIP8AXZFaNg0tP6dVFwaRBRWsAAm83m8t348LWnasnOwNXkzluD9/Bf8AKT7fNm5HbC1NafTrDjrONlcTMdDXm1mLYpm83m83E3+bVP5R1I3A3qZWDD59/wDTufiuOktq5SpmVvFP8pPt8plv15ijYGEdCu8ahTPTmdq4ThkTtXmdm2cMhYL8hJXqHvXkVv8AEZqn3T7dXXkNzSUcMPwFj8QoNrDpt4mUe+Wv2+Uy36M1fdSIRD8OwMehWj45WJkW1SjJWz4dUH01/t8LV5I1nZlOSGisD/qb/FZaFCq1rKvEeZmGN8ofPqFO4w7txCIR47eG85QtH2jV++NllYjBh1PXUhvTQfo8c2reLc9T4tjsBa6RblMBH+iPMmWXqsNr2SuiAfC8033t+cjcZWMytRlTkDD0Y8QjBvOy0LOVlkFFhhocTgxmPe1L1sGHjmLvTR+3xtXkufTs2m/c7GW01lVxiVIvUi4greuwsUzf4R47zkJ3FEbJUSzN2l2fKshrbcUfR8Agln20oe3+gZfiJZGx7qT6lli5SGO6OmCfK4Nxrx/dKwJ7T2jrLE3mFea2B67dLR9K/TZ5ahX9OnWbENvMv+HA9qIUUx8Sppm1Cgev2K6hKshrB3bBPUGeqnqRPUiepWeqWepE9QZ3nnK0wreZk3tXGzWjZLmMzHppybmobL8AEb7Xn6dPTjT8j2KkbOrEXOqMWxW6ZGStUbIvsPdtWV+ntmTj1omCmyx7lWNlrBlLFsVugm8LTebxpaswbuaeB+2UOGSPLJXklpNF+Nlja60PXie1HXWD9L/vmjmbCbCcFmTWvawK0er09c7CTsrLQlaVWrYu85TPp3lydt+g9zptfsPt5gQS2WDm9I2X477O2hL5D9kTtLODoUzWWUqb7BWBCstxw0fmr0spXJt4CrH5TsoI1CGPjlJXdA03hM3m83hmO3ayF9x4aokQ7r4t9tSq9gzKcO5nfFP9rebzeavZ7H7zSD7bzebzI/h0s/2t5vN5f704bbTnOctb6dQ/l6Y68nwk2TzEA6XH3xV55I+3x6of7OMv9srCOl4+jA/aYejoGBqsqZmNlij6T1uqDRHKEHyv9pjNyr8MtOddMHllpyXIThZQ/bfCzBslit0duK6pdv0M0j9u836ZB/tYHtVvN5vLG+in2beEy+4CZD87OmnVSscV8wIBD7C5vbTU+n5NSXenCbdCIRNpaN1wW2MIh65I421HdWEI6GW1hgrlCGB8AJk/x4H8Pgw9r17WR4A9HG41GnpXYyGjP2lWozI1DkLrO48M0lwArAibzNuATGzwGpzVcd9IchBM3OHCrUF5etTa3PWW5DWHpQnN8KriPMQQS4y36nx04V/JavJQTj3r9SsIRCI29VmPZzUw9clOSYd0+8MPQx0DDtMp6CCZJ3mKnCrx1CrdKm3HUEdcqvkuXT238TDKbjUatTG39UWPqomVnmybmVZliQak8bUXMsvezwEEHvNPx4i8R5qIJ9ha3vhV9y4fNmY/cGPcaiCGDLCJYvIVu2O9VwcQ9Gl9fA4uQGhhEIhh8FEsbiMWs3XL5WLyBHav8A20U7wiZtHIWoUbwPQ+SVs5o01mGRpzIpGx6iCYVG5x6uC+aiAQS5thcdzh1cK/nycVbQRdjGvLVhyVoY6hoUes1ZhEW9GnIQw+8tq2NOUUgtVgYY3g9wSVVPkNTWK189Sq3WpuS9QIOjryGZi7x0KnqZtOBnAzgYlBM9IZ6M76dg7SqpEGTSrpqmP226iYWMXOJRxXzEUdD7C55hV92wfb59oVBluCjRsGxYa8hZyunC95VgExtOEOHcs7WSJwyJ28gz0dzn0VqzndVPVQ5CzvCCxmgpuslGCFKqF+Gxd1vQ02+G5gEEZA4zMOW0tWeiJyOPg7g4tYGQlYmPicjXSiAgRV5vWoRd5vNZr+joo3mHhFpiY3Efb4FEHTIsh3sbGq7af6m04zbw2m026lAYaKzPTVT01cFSibfJl09xFJU9R7eHs4ysMGX4ZEZCpw0G5sjklaq9jX9uULTDWbzebzVv2H91OK9kw8ACUY6pGPwKIIJa2wueafRxH5LOx95W3IeG/UNLKleX4UNJWFSJvN4rTlAffF/j6FgJnbWSjTRKMQKAqqGPwKIIIx4i5/fEpNrqNh+SYbjLoNTo3IeA6gzeFA0bGUxsSNimHHM7BgqIKWOo7lhm17QYzGJjKIAFhb4QIBBCeIus3ldZvsprCL+UsUOuTSaHRgw+Decpv02mwmwmwnt05Tf4hBBPtLrIim96KRWn5Uy1A63UtjOrch5kdN5ynKcpznOFjNzF+IQQQnYW2bwcrnx6BUo/MWVhxkUNQa35D4NptOM4zjOM4zb4hBBGYAWWRVe9segVL+aZQwycQrEsm/+wOjWSy3aU473NVUEH5zaZWIHjc6SrA/6oghbaM8NnI42Gd1UKPz9lQcXYbIRZtAd/8AUJj27Suiy40Yq1gf8HdjJZLMOyuc2SK4P+gWAhulePbbKMNUijb/AIeylHFuAIaLq53CILROYm/hvN5vOQhtWd3eCu6yVYBMqxkSbf8AFkQ1qZZh1tG08Q4DiHDuE9NfPT3z098GJcYMGyLp8TBrEWlFgUD4LcmuuNqM9fZPX2RdRErykeA7/wDC7TabTabfCWAndSG1dr8lrWrxotaicROKx6UaPibRL7KDRkLaP+CZwoXPoZwwPxX3rWHy7LJwsaennpzAllJqyQYDN5ynKbyxA0ZWpfEyO4v58mZ2opQMjKtyG2lGVdQcPVVsisGHla3FHJvtrScJx620hpSXVuvKBpZ7hSabKn5p+YMytQyMfMxdVrsiurdLbFrXO1RrJ7kqhII26bTDzrcc4mXXkL03nIQusz7F9PjftRfbbzJiWln36bxxuunW/mteH/q2lV1tMp1ixZmZr5LLKcfeKAouqDg4zxsdgsqsalzrN2x1HOshszmhryWnp7YMVgcc8ZUd1MMIhEPXJu2FeaiRMypoHVutR4ZC/b8uZrjhsvptDSZwKwW2LFzGEXLUxbVM3l1YaMCDvxOPbzHgwmPfFYMIerMBLb43vBUhjYaGekdYLcqmV6jDejzHO9f5fIsFVdz926VY4KpQqzaFFj0IY2LGxyIVKxbXWJk7x1WwONorFCc0z1rz1tk9ZZPV2RMpt6MoxcsT1Kw5Ij5UtydyHUwe8Qe3V6kaPiTHz8jEmFnVZS/lXcIup5pvYTGp3PmVBj0AyykifUp5h4w28wSILTO+Z3jGcmcZwgLrFyrViZoiWq/gQCLcdkOl6h3fyljhBqOoNew+9OPvANh8JllQIsQr1HzbCbFJjZPv1T75VfYuw7e9R+RY7DUsx7LQOmNd8rDlKKec9BbBiNPSGekMOMRDUwnBotDGLiMYMFocBo+Gwj1FfFhMRuVPRP3al/FofvhfkTNWwOcG/Rdwyn6eQnITkJyE389tziYqiPWrTtoJxE4iGtTLMRGl2IUmGEaBR1bjM3tGDC3hwY2IRHQqWmKvGrpSPfVLN5p9faxfyedpq3S/GuoIad0zkZuem5nNoLmEGRFuUzffrSQLK2BXeb9N5vN5cyqFD9zfIhORHtun1NNtzWNk2jqm2omsTEoJPRV3ljilNOpOXlj2/KugYXaZRbNS0/0qpWWHZedp4UYAGbNPebwORFyItitF25DmkGYRBmpPV1T1dUNr2tVi7TiJt1ZA0y8ZQtPEDuqJbmqkyM9rTTjliBt0RN5ZYlIVbNQuxaFx6vy99S215eLbhWUW1XA0ztiW4itGrtqnenJGnbEKkTGq3gonaInKwTuLO5TC9RmHYlda5FZAdZyENiiNkViNmCXWWWK+RSofLLwY9lsroSsRQTAoWZGcEmNg3ZrYuOmOn5l1DDM0hXJOTiGvMqebK0KmNWrR8OtocNhDRcIlt9ZGokQakkGfUZ6ymepohup2pyKYWxjGakRsigQ5tAh1BJ6rIedvIsiYiiKir0AMJRJbqCrKFvzrMTTKqIPyPICG5BPVVwZNZgtQzfzZFYZek02jJovw3qzbli6iImVQ8HbM4TtmGsQ0oYcauekrno656KuehSehSeiSDErgxq4EQdd49yLGz1EOTfZHVpg4LZT4uOuPX1J2j5VaQ59Yn9QSDUK4mTW0DA/h3biHvssK41jwYaz0lcOJXGxBCl1RoyeR87qltXM0fYurVEJU8ONOFywW5Sz1mQJ65566DNSetrnra56yqetqnra561J64T1jGHIvM5ZDTsOYMdZxrSdxnbB0pmNaKi9crI7QCXXlMNIMasTsVw41Zj4STjfjnFvFq/hc7+LEsWbzlOU3hYCPk1icw9y/b4LqK7RlaKpl2PlY0XIE5A9PacROCztJOyk7KTspO0k7aTgs2HQ7CNcgim244+j2WTHw6qF8dR+nIpvRxv4FgJfloJpp3t/C5il60fhCe5OFs4Xzt3zsmf21latZYv2+JlDS/Tse2XaJHwMuqN3656jaeoWd9J3kneWd5J3lhyFnf3m97RMLMtlei2NKdIx64lSV/Bqde4RVMqNtcD/27Mt4bchoa7DN0SadW4f8M9StHwgZ6W1Z28idi9oMIxMVFiqB/oFQY2PUY2Bjmf03Gn9Mxp/TMaf0zGg0/GEXCoEWisQKB8hG8uw0sgxrajzygWsyJxyrIuCzSrGrSD/51//EACgRAAIBAwMDBAMBAQAAAAAAAAABAgMREhAgIQQxQBNBUFEiMDIUYP/aAAgBAwEBPwH/ALWxiYmJb4bEUTEtucTH4NL9jQ156Ql+56PzEhfutsflxXgPWxbyV4L2yXkLfZnps9NiosdIatveyxiY+NF7FTbI0rdxKJKrYdc9dnrsdS5f9rXioTI08iNJR7kqij2MpTIrFE3d7sf2NeNCN2Qjiic2xJe5mkTqZb4NSVidO2sVccLfokvESuUaWKuVZ/RccjIy3xdhTUicPrROxCWXDKlK3Y53S8Tp6d+RuyJMnPEyb0ZSlfjb2JVbvgjIUx86RdmLlFWmW2sfhRV3YpxxiVOw+Fck8mdtGU/6LGJiYlaXsRhY7CmZa03wMqQ3Pwumhd30krlf8YiJ8Cd0TZT7ntrLsS5YnfS57kYXV9KXYY+Scdjfh9PG0der7CJK5+SIpvuU+57ay/ksJ4syQuWM6b8o2PRQoWJLS1yStpcb8KPcgrIdRIjNM6iN0di5Y7FFe+xkuJElc9NkY2GzpFwcDGWEVlbkyG7+HSV5HsShcwaMrqzOop2d0Kdu5mU4ubIrHjbVj7ikZDkUoucilHFF0Nj0sV1+Pi9P/WxxJQUifSJkekSIwUdthxuVqHujCRCjKTKVNU0Oq/Y/Jn5IjP7EIq/yPfGOTI0US6f6JUmizLFt/T/3q1+3FFiwkJ6YoWlT+R999Ay5Ey+nA7fQ4xZKh9Di1s6f+tbjXgJbar/Ee+EsWd+URuX2Y3EkiVOMyrScHrTf5CHpF8E52YqiMkyxbZbSwkYsVIccdrZXf4b1BscGiF/Yje3InySEmWZcs2RTROGcSccXpF2ZTd1qirTZK6FNlOo7ijwSqYs9Y9ZHro9dCqkanJCz0qvZc7s6iXtugrsjZcHDHBRV0ZsTLGQpFrlhLTqY++vTS4tqhcnU0vdFijC7PYq/1pLWIlcprgkS5eybKfJXleW6Dsxv3IyHzGw+OCLIsknFkZERaSZ1D416edmX0TIMayRLpUylQUCTKsbsxZjcdMVMjTIQIlSWyTJO5/MCTvvhP2Yl9EWyVPIwaI3HHIwcSLEXJSsVJ5PVcFOWUdURnrK5KLYqTY6OKJSsyMhERyshu+yciCuzqJ+y/SptCrs/0MdaR67P9LP9MhVxdUiXVfRKblto1MWd9EMp1fZl7mIojidRO3AyJFGWJdvZOR/TsN+nEbu/Jo1fZltbCk4ka4q6PVR1KzfAqQoJF/oS+y2spDIxUFdlWpk/KXBRq34ZYtrYsWZZmJiJbJD5FHHllWrl5i4KNf2f7WzlnEO5VrZcefTrtdyNRS/Xb7J1ox7E6jl8CpNEOpa7ka8WZLc5pEuoS7E6zkd/hVNoVeR/pkf6ZD6mQ60mZPSxiyNH7MYotEdJew1b4K+2lTyMYxODuYmBhYnTyVx8ea2XGy5cTFr074G+RPW6QpRYrHUQs/NZcvpbRMWlOeLOJ9jBiiyVRRRObkKbRGu0VKmfmMey5cWxOx60h1ZDd/gXrbWKuxQscHBimYo4LfAWMTExLGJiUY8jiWGZWMzIU18NiRsjIuS+MuXL/pUTFGKHH4uPYZYsT+KvYyMjL5D/xAAuEQACAgEDAwIGAgIDAQAAAAAAAQIDEQQSIRATMSBABRQiMEFQMlEVYTNCUmD/2gAIAQIBAT8B/wDtMm5G43GTK/TORvN5nquqYpfo5P7ikZ/QOX3cdExP3jY5fe3CfVP3cvTgx9qPoT90/u46x6Y6p+4Zj1OSQ74o+bgS1kER1kZEZqXrTMddxuFL20l6LNRGBZrm/wCJGdk/ItNOX5Foz5KJ8lFeCFTj9hS6PqmKWfbNFtqrRdq5SeIkKZ2cyI0Ricfgh49ORT5M9M+jPpi/bWTUFll93dlhFOn/ACxceDa2RiePVPghMybiy/YV3xl9iL9pJ45NbqdzwjT1Z5YlwRhkjp2yVez8En0z0yReWTgNbSM+k4qSLVKl5RptYpcMTT9UH7TXajYsIX1zKlhFNW4jFRK5RJRTNRXteTPTPSKbeERp+nkspNmBZMl0N8R5rlwaTV/iQnu9MReysltWTV275lD+sr+p4K47UYfSl54NSuCViTwd07pCzcaeGFk34PpkW6f+h1tHKGaivkjFrk01/wCGefQhey19u2OCTyyuW2WTRS3PPSrlElhlJe+Ca+o2jRUvrK/44HDAmPmIy67D2iZqZYZV9Rt2lFmePRH2fxCzMjyI+GDISwcMk1EueIj/AJESRR/Ihwh/UjaxyxHpr/oeT5pk7nLyaeYyNmxlcsrpgiseym8RNU90yupsdLNE9kjyumTyauzjB+RPpXwyvmJGWDeSlkR8Slz1rltZC3JORo7N3BtEvZ6l4gS5lyQsUEd5SM4eUaS9SjhmMm0utVaLrd76Z6ZNJb+GNGDaWzUEaqfckdtkoswQkSlk0Evr9rrH9BxnkTTPPgjNryVahweSr4mT+JFuodgvRkhZteSjVp8MVkGT1MYmp1Ds4FWlyzdFDjGRbR/Q+DJon9ZHx67JqCyWa1rwQ+If+iGphI3xZuRuXr1v/GT8kJYGseBdELPoSGZMikzuP+x2N/k3jlkyZHMk+mj/AOQj49er8DjlE4EW0KySO7IU5f2LUSiV63/0RsUvHo1azWSjybSB2m+TY0JdM9cnn7MmMYjRL60R8euyG9YJR2vDLIpm3BtMdMse5lN8q2UahWLreswL+GR6aaSawydJ8u34HTJG1rrkz1b6YFVJltbgNjGYIQNDH6/XK2MfIrYy8Fqhjks2Z4HVxkQxiE4osnE0+o2SKrN6z0mso1i2zExSKbcSPKyUI2Jk6Ij08R6c+XI6bdwfJs+SHRgVSFXFHg1UsvAxjK47jbiJoI859V0tsS9ybyjvWQZHUys4ZKBl+Dk2cGB8ErGOTFI+HWbljr8Rr5z02keDR2bo4ZDgySfSTwZKfPR+C18kRFstsScssY+lFZa/waKG2PqsjlDrzwW04K3iWBYaJRHwRxKJZDA20PDGRjk+HQafXWVboGxqQo5HDDNNZsfJCeVlG4chInW8nbZXDBkySrTNiQ+DU3Z4Q2PpVXuZCG1EY9ywhHaseu6j/sif+0WQwyq/bwb1Imiu1xN6mWIlwJZKNO5Gnq2LrJZWDVVbZkESiifk01+OGLohM3JHcRK0hZnozU27VhEpZMmRLLNPXguntWEaKnH1P7MqoyJ6KLF8OiLSQQ9FFnyMT5KBLQ58H+NyV/DoLyV0Rh49OpqUlk/ixSLv9EJNFd+CM0zPVvpW+RtIu1H4RbLI2PpRUcQiVQ70yEdqx7jyauj8ocsEpDZGxohcK5oWoO/ElcjundZPUN+Sdg5dMFNOSK2olm2W1Gnp7a91KO5YNXpccok2uBsQmKxisN5vO4O43ZM9aayCURydj2xNNptiy/eSjuWDV6L8xJ1uL565Nxkz0z6K4ZFJQQlK14Rp9Moc++fJqNIpl2klAcX6MmfRFEc+EU6SU+ZFVEa/0M4KXkt+HqXgt+HyiS08kdtm1mBRbO1JkNLOX4Kvh7fkq0kYCil+kxkdMGPRwY9BA/x8BaGCI6WERVpeDA5JDsii3Vf0d+TO/NENZ+GRkpfobLlEjqSM1L0ajUdtEtRZI7kvyKZvwO5iuTNPqWngi8rPvZ3bZEdQmW358DbZgjY4lVyl11sH5IxWCcRxwNsjU5rKHRNfg+qLNHZuj7yTwXPLOemeiI8clNm7pdX3FglVKtjkSTl4KdJKT5K6FBYHTGRPRQkU6ftP3b4Lrv6PPq/0VvayEsro4KXkemrI0QRFJePf25xwSz+Rc+uMcoW5G6R3pI7smZkK1ojyvf2UpktM0diSOzI7Uja+sZncIZYqRVodaOxyRWF+jwOCJUJnY5O0ztSKotfrcfaldjg7rO5IVz/JGW79Sy3KkQeRsbbKPH6qUEzsnZI1JGP1/wD/xAA0EAABAgMGBQMEAgIDAQEAAAABAAIRITEDEBIgIjAyQVBRYQQTQCMzYHFikVKBQnChFCT/2gAIAQEABj8C/wCjCwP1D8c9ywMHr2vVA/tYmmIyuY2rfxaDxPuubrFBzTkBFH/i5a4RCx2UTZ80HYlxt/tcbf7Vk9pnFN/X4pNanhfRYiHcJUImC4lJxWpxQwPWsAoe40haXj8N1PAXFFaWkrQwBankDwtRJVLxG5uEKl+gkLXqahAz7fhEXuAChYjF5XFALUScs9yLZFQOoKFo0tK0WjVL8D7vUbR0u3x9JIUrQkID1DP6Wi0EeykevucVjf8AJMUWuUWGC4iW9ig230OUWGI65ieZLCzgHyw8XTUW1Wo4rNYrM/66zMohhxOWowb2Q+TM3GGSaD7ImHZCevmOrxeZqAk35mIqi/ijkmhaWSBB1cx1UvcsR4fnzRGYPbwc0Htoeqe00yCh0A5/YtD+upucnOPPoJzte0wKGM4moOZ1E7UlRTUzdRUVFS6SqqKY23bE1gcdDuot2Oy1KV0rqqt07q5KKW0XNUwtV0MhaojkhZ25ge6i1wPTz4zRdTJPaqp5ZbUwotKnmgvp2hU5qdmFC0GEqLHA9Lc3unMPLJidtSaqKZC4lNynNQwhRsitYzT2AGr+SgbxfO6l0WEwWF0n9L9wUdeM+kKclrMUJBUvpl1BYrL+lC0aRliFA7BjRTopbIeyUFhdxjpRHPkix1RcCojJpC+otLRfLkp1Cpswe0LFYzaoOrnkp5ZqDqLFsh7EHDpXu2fEFB1csXKQundgZVTT9ycGvKmItyxF88vlT2sDuE9L9yyr2UHZ4lFll/amoBTqdz9LDaVWKx0uWtslO+IU7pKe9EIA8Tel4myesL75rUQFCzmtRupALu7dxd0HNXlQcIqIBB8L6TorgU7J39LgP9LUDfLeAPC7pcBxLE6t2ozULIKcSuFaypC51o6gWPDDcPdEFRClXJRUCg4KNkoOClfJT2g4ckx3SsTrpol0SuAKTRfqcAuLEfCFlYtLbPmm2Y5bbWPFeaDhzRc3iUHKIXntnmJr+N8DdJT2XWR6RErxm1GARDTjPhfTGBRe8lQtRA90HenIdZ+FOTu22WuryK9n1APtnmUHMMQpqIm1REisLzA54ERCxWdM0thnkw6R7bc05u7LmyyXtMi605lTv9m0Okr3bJR2sTivbYyXde3bTskH2ZkpqIkVETWG1m1RYckb8dmFA5p5mnymno+I1y4bIRtD2Xv+tmTyUGiAUfbEUcDAHosNQYXBw5JseyLOR2SSoDgCg0KHqSF/+V5Nn2VYPvmJoFj9Oxjs6qBzTzMPRsPIZf5L3bWpyTVrhpFTutGHkmWoTTseyxSWCyna+FitA+d0WGCDPU/2sVm4Hbx2dVPbZ0aJyRQB4RfYuZSMwg57sKLfTHESi41N9qFHsU3O5yNqU5/YI+otBF7lAtC92z4TeX+mdqb/AMVg9bZQ8r6doNrGzaCYOihozPdfZu8qIrDICVbHknbGHumr9lWbh2uayM72t5OX1GAov9M4tWFrsUO6PvMwkbECsQ4dljR3QHRCU5+Uonze4j/jNYf9KBpcLR9pAlOb/iE+1/yKdsWbfKATf2gaiCIZZHF+1itDc5WML3BQ2SEWm+uX3TQdFhmK/wB3uaeYT7N/ASoOC+5JCzFAm+ns6uM1ZsHIXDPZfu50OU1DnROabvp0RForJo5XtemnaxDOGMTWDoobmKIyRZ9wUXs+sBBHNRFo3+1gsNb1/wDT6njNLmMCGeyPlBOYeYVp6e0oSsdlxKDmEItewgd060PJWnqnUvafKbtEIjLgs1E8fRnHLK5zMv1Gz7habVwCjDE7ub/Dc0bmO7Jpu96y+41e16nTaBR0lRc4NCFj6ePt902zbe1N24i+DVF2li0CffoxRN81RSUHIPFECNjyVjdU5Te5YTUXxhhf3C+j6kkIH1PqCVCybka0IbkWQgo2j/8ASkwdIOeSgVgdUZySv4BQGxBQPCVLYiUX8twojpUENjEFKuWJMF7dnwqG1EVCwPk4bHttvkFTaI6U0IKAvnkmsdjRQtRAqTguIKRiV/i1Srue7ZVWF0nZoN4kX2lStIUXZJbA6U26JuIvjkmFJxU3qkVLeL7OTlhtQVVcYVVCzUTVRcVLdb8GZVVxBSPxmZMQ+VMBUguapFSaMulVXEqxUHVzt+BAcSxPVFJaHL6gVVI/DbkmvHRYleVhdmb8CBz6XKT1xKb19wrS9agtYgpHbac3joU1E02R8/QVqmFXZGYqfQYup8rE2oWE1+BFhmsNqojeKghBax8yDVF1dtx+BNY7JQfIqRviVLY0iSmVIrUoO4VEZjsYgmKaiZKNk5UWpt0j8Gt3ZVioctwon4XYrSYrW24iKIzaVF+bA6mdzc5QB5XFC6iotKhO6QiuBcK4VRUVCqFUK4VwKTbpzvrdFDcG7MwurBSN3lRbRa2RCmMJUQVE3TK53SOxEKHMZv3sR5Kqkm5Ajc26gVAjJTCoqBUCLoKLb5IjINxrUNyKjOCoqKLCoWgRc6+Uih7scKkoCqjaLhCoosKg+ux4zNchnKkVBxTch/V7cjsrx4ThsR3I8hvDZgVFlEMQy+VB2cFA5SiDsFAoTkpG6aPm9uQ5TFOv8KN/7UNzF33oZYZgUM0HKWYZj2OxHtdIqam4LiUbwpG+q0vU1xBcSqoLjUpqt4G6G90BuwUCo5MQohmwnPpOXCEBmxcxsy2JKcQuIqpUBS6qopLUc/ndxnlvxFVgepXwUOSrlxtUDXbxGmwW7JG7BoWpRap5okboAQ+B5XcLVVSumosUHquSLFB+zE8KgNjGKjantcKpee6xDLE03YrEafDiJLQ5TC4CpNUbQrSYLS6N1FRaoLSVqCmDfpaV2UXzUtmC/jtTyRfdBtVqVLoDI7IC7dgsLVDoFFwBcAXAFIbpWF2xO7SpqJukourkjkddSSmIqalueVidU9Txtrszu7qW1NEBRgp70YrEadVxMpt0VFJUVCqFUUAFS7UfgeF/FQHVYFRHD0SAooAdXgVETapdBwtp1rUsTOH581BokpdbmsVmoGvzJrVwqA69FsioOElL5FVBgWK0n4/AYEKNnNQePjdypyC8/gkwvpzCg8fBmVpmpyCnM/hEwFoMF3C1DckFIKNoVJo/DaKikVJ6rfyVQpuWpyopDZmVoaSvtqbFqBCr+KcQVQsFkovMVRUVAqLSVqmFI/geowWHGIqW1NaJBanlcRUnFRE1B0jni1Tr+A6ZuUXGV2l0lhtJFRBlnJUTRSy+VhOcOFECOtOH/HsoP0laTG4lxRZYyHdRdNSCnfCrVEGeSq4gnQcI7cOWXAeuaHFfUbFTk26LlAXSumosK0tCkAP9Kb4KdqVO0KiXkqB2YBTXEpEXt89agL6Kl1VMKarfNSXndgLuG76b1Oa+o2CaWlDrBcU53e6d9FRSvqtSldELhVMk8slMquaYX0zBAWgxMWkwd26sSVgZw3YjsTUrpKexLNVScpzWoLSck1jsTD9IWdrx9Ui4yWCz4LouUvnaSoWmSCFoyU01/fqRKcygvg7edZ8zRTEBdQql9L+ErhVDmihHIU3qZtLMTUDcL6qqrshzqqaoqKioFRRbNTE8k1pUYKikp3DILMVKY3x1TFZ6XLU0wuqqqqrdVVU8oipZqqaxMaVwrhU5LU4qDULjigoCqxOyRK908IPVpiKpBYmElqkc1Lqqd019MxC1NXNVVVCzUXE5ZhYhdW6DFitMkyoN4IoMb1gtdQqLRis1ChUlNaZFSmFqF0jk0uUxFarML7S02aiVIqqqqriWkRRLpNU3KFi1RtHKQv1KFnMrFbRa1YWDrUHCSx2GlyhaMJC1aStLhdNqlJaXLuuFamFTYbqriC4goOcF9wf2vvf+r7qqStNm5aGQ/wBLW+SnNSF8XuC0BQEmqLtTupTXEuJcSk4bEHCKOABrlAxXda2KsFpeFJUXCFNoVL6lVVSqm7hCkBkm5aRFaRBRtHKkGjmg1oyzddQ3Sd0iJULNa3KZN+krSYqDpHYg8RWL0/8AShbsUlpK0uKqphTYpt2JNWlqkLtTlOd2GyEf0sfqf6UGiGTyouMGqc1whcIXCFpkotMQvPRw2E8tV3TTCG1B7QVGwOHwtTSQtQgVW+ioFRUXCqLhXCqX1VVCyaVG3MFBjR+8zSaKRyzUBMp3RpKDmw8rTaEKTlVTK12n/q7oHDLc1AKbIfpfReV3WqzKmMtb9LSVpsiqQX1bRTGL9rQ0DYBAVS1y/wAgokLSwqkF9W0gtIxFFzhAHo8wtJgtLlVTctTrpfAmFNgX21wLgXAvtr7a+2FJgVN2UiotOJcJUmLso2j1T/rv/8QALBABAAICAgICAgIBBAMBAQAAAQARITEQQVFhIHFQkTCBoUBgwdGx4fHwcP/aAAgBAQABPyH/APhaot6hZe4l+If7ZyKZeO27g6sJMWj4Kx8ET7NTD/aiT6EcLylCJr2eJfAsSXAU7Kl/2sRZPMz3LhKgB79SqQ0kis5HSWvti5cv/aImU2YfAwdI+2KWHVUS0JShvNAJTBHi4LJXVzGE/UIDPmXB99XBHX+yrzLrcJkXdv6Eon3MsjxrcfT2hUFsn3AwEIOogEtlxGah4p147ghcdBBzRLF0XhhAT7pgj80G9Mv/AGKxwYeWNLVDa7fRif8AnIzskD0QtojGqnkkA0S/Eu9y5cv4ABmeHUt0+iG/tZSQANYXq4DsMv8A2FTRE0R0iRmCIkI+8IA0S5fC5cuXLly5fC4i3UI6gvUb530z6yNhJ6G4HfbGasfqD+dWbmtEToue5kxDD+EBcuXL5L4XwuXLhvSCg9QGpUv/AEYWxUP7hbqEit2S/wA2rACf/VCHCYEuXLly+QZcuXLly5cvhcuXLl+5cN6nmA3KK4BQnXkBxuwgQPu2SH5bri4EHufWAZnh4Ur5DqLhfyBcuXLly5cuXLhyLlzz14nZVBYB7lCPEviix5ujCaArBflWONRgj1PWQlbliRKyvnfwuXLly5cuXLly5cWyomFVlEx+oqrKxP3sNOFyhrIjVoDqapyFw/JMRSqiF3LBANH8t8XL4v8AkUhJSfmYOS5iGJw2aHqL7YXD8kqIpo76hVPnZKHF42L98ly5b5l+esP4GYj7YYS5fuX7lwWI7/v2DevyXpIj7kvjcZVL5uPknslZTxK+OAHmA8y/hbCSN/L/AC+LZbxcYgIHqWG7i1CP5HBWrxMeTD4ReGIdy64XNJAXR4kBKY9SMl8I1OwgdR5BKoE6mYcDIW+OX3QnXxvfJMVsYhxN0IE0/j2WPsmjjxcqszJoFimqe4tncDSIXiJh7EV4KnuBcIHdzSRZ7lY0wzMHd7xPOSHnN/I1Kg7Y7I/1HGgjAFksqy74FslTv6jHsjEAYOkoivTLl/jGWeFc9XNWCUCVB2AXzK9OJ1oplA7leJr4YiRjqDsQ64TSpzV7nhUVsyTJmY4Qm51PuV5gGCIMbxA25igvC8MdHufoYVulbV9TGfvI7mksR/wQ8YZf4o1+k7QKO+Kyjc1X+mVaiiWwTyfCpF9DNjQfrHaU7Zh9/wDU2F+8ejpXbT1GclQbG+X6mpwxV25GEAY+FjPuGAcSo2kZhDBncbIo4SuqJgnU+lUg1fTD8SLi0v8A2Qb4K1KGNERXGBU3FqM07M3j9zLqoDKn3AmBAsg3URB4J6ubxFsOgSP7EiGbJfCNgZm4QHDc9Shn3Mcm5koeUaMzRvSZCKS3hSxDSuFwIWhSvE0i3Q1+Jofe8b06XxjjeDljLmvMHJW+IQAIDgqDZSNSscHALQgPBKCVzUolHiPmvdR/cfUyVUJd8MEazPJCAEV3JuMPhRHYJdE4CVQQPAZcuEYZcIUymy+/xLLEcFvuWrcRQ9RFRqIlEupV55ViCAur4wbbGa35EyVZZb1fxiyO0tM3uZ9+cnq3xLzO52ojjUbhOohWk1nPcQDFZ7S5cuXLgwZct41p1wBTT+JqU5JeTrZEyw0kNRQUhAsDxN5iGZzHagETI1DXNWGhtZV07mef4lxLDNdZgU1pvuXafVKyj5RXgxD3EE8xhn1QgzL5qZKEIw8d8DLhFwYMHgMYMST0CH8Uxf8A9tG3Q4hC2CWgndNjEJYZMsrfRNHLETPysIFPZKr+N1FxsQ6OmBWzzJVAPcs/YaL2B8LKst+ovUhoxxR4X2QGFCjKYJMQjMEdfAhwDBgzFmKi6GOh/EqobNlqI9rYGcTR76zXE8y2KdTTL84jOv0TXL95mkJprbqFTpuuL/h8wyVjqMKpICfEEK+kOXaE83fUsRpBW39RWkQYS4MraYTSaF+Iy4MuX35XMmW1T+HZcZPfUvONdLL2dXNan2TUv6IAQqswyzPbAsfsorFuXmdCjP8AF1EE0+mogIgsYcIU/cYlSQarXiAW/eDPLBLE9UwmOlRBZfRgHU8yK4VGnaYvKCeTgZcFkdZjZ+HdR0lBHTeMAan0cxOTrD2SvEfOXgQmUo9xqO8uf56qSvYe/wCNQ8V/slwBqOghRF0kpBB8xML5iHFQgwL2wch5YPumNYhvERZ/Al29wsZ/SgJiJe5SyqpgJ8XUunUDux+GdEvZ9wwhsHKkVXv0JoGM0EcrAUzaXILuYS+oAavIQj7d/wAP9RmICNsD4wZY2l6hwFTCAjaMaio8kRAfIytRJcZU6BGAlJctPtEp0UghH0QhjmPRBY+HUVLsj2qfg3k1e3UKnahLhMQ4fKxCLRuYOVj+EhdavakfARhIeDzAPuaBuUBmTgxEWtRNOLl/FUaAlzqaERFbilnxLVadtQ8V7BmzEEUhmHOGNvTkuGCXwbUofAxTkhhGu5E7YgBTC/RBsnUst3G0/EcH8MkqLlYZYghBfAHTbRHHLrHqagMSqq5UoN0Iksy6lGaQbTTH74xPbCp7kIsrEhPdA+ZcXEIZVc1CIMu2Dnm/SMlvYmLTuGHo8RzZZGhH38mV5ly46h2+4RN1iy0jvTziw18NUNf3/hbx7iJ3MOBnLdS0iJABqCZcFBYOVbcOcar8TaqWxZmVfqY9GmBAZf1FVEhE3BjLhlbmH4Aj57mODENqC5zUTNn1AA0uYQ2l7du0uSr0JckvhYNlmSXxcFwpXLkrqVtf3LpdqUOX8M6T60nX4NY6LBNA1y6jvJ+lOBG8I4EDvjaIaDcrXyn0PMsF+ZcvgMoYuYQiAqFKXNduiajU8UgXdS59rCi0VMahrEEndLGCj1Fz3pity+N8xiVxcIuQYgHKDQeoMxqUxKTf4Mcu4oXo/CWR4l3PMOcIrxSGuGE5gE7BaJA9GGWbZhAJu8UXLoIXX1MP7RjG3IG+AnrIhhzaPSemGWHbPq9cUx4j+WZmYOqnjxmXGoOJfAkOI75cvjESaNz58twjrii0Vg8MPwbKPyxKDAnXDw3lyAWsomja6epSE+45pTwjrbgj+9RDFaLlCPLPtvI/ACDRFd2xmOhACaeFHAHbE6tuqg/bkCqcc3bxHgDOM6tS5diHA8YSyR2Iy4yPGhLmdy9wiCwy/hNJ4AIKKhGMuG5D67HDhTiyqP6pDmO3CB7fEAi7AmpgS4G2Vn1BGJAg6mThxW3qaXGJhBwmUU9cnmM2R5I585I0sGCxsh8AD/RLxwc1YN8EICvcbrIM9cFMoXFfNTdxbYfg2OrS6c8ENZIO5gmUNh5nvKLU14Y3KfoT+t7c/wAuwlFAVKRibzMqgIIYbpFHgWtzCO0+qosTWXN9x9XYlpEOPtqUDSG1lzAoVRn74UoD3D+mXBgw5DBiHFqGeGgyzGC2FxfZiVb8KzLt6mcjcdUR2UYCYEzMKMHXTjAWPCTfNzFLynqIzlO9ImiCTGE3iusolWDJmVSZNcDmW86wP2SoVL8blYh5e3h4lE/a6Cl45IQ4B3Ep4ODt1b7nYf0gy8+WAKCiV+Gw2VZS5hSTSA5IDkxZsJliWThOJ4guaCdiiIhg4rM73COubNaYiwNKl6fDYl8mq0BGfzBrkhDjcGfgKxPUOD8PieTBDBDjPedEpDzGZQ9qBVYdfAtIkw0zx6LDQM9/OuCXnnpn72JmhJLwe3gpFtd1K47dzs8xXZFO/wCpZCjAgSox5OHhg/EPAMZA9jHcGJvVcqNGFtMrheLgXLOPpKIjzPGZNbR9zBDxE7NGsA9ocHxuXwwRoNoSlWjGXgw4PFYtb6mYuwhRQrFnTwLQRPUo0nQfJzP76an4hmrBpB2kBZFY9zO1TEyMkoYIyrId3Rup/cG8n7iVtnuCKFHyuX8bmRBR98qlg7hrV8Mf+0wxu76mG0PMzWY02vU0qJOD2YHzCFBmZsRjw8fuZph/MtS7rKlWp0dk1gwi/wDSjQ5QYUrEEzBRRycHxODjW5fqXmX8Hg1HRi8j4mXf7zsf2ldWnWEr1GVT7SXM14uKFSZtEHEHh4/yZp/mZaPlLoOZXuPOEMxP3DhYeovSh9k07A9JKeZXyT3Er5l/zXU5OrKbmbgMOT538Nst/XwuX/BfxSXfmP72CFCuEi4/DL7Jp/m0mXolKQcVQNidNmVuQjtFcHuMIFjIzvwmAPGtbg2Q/gVQf3JkZ3yNTGLxx4+ofC5cvkcw1L4vi5fwuXxcv4sJ1cZorUYhbrPD8A/sTR/K6gsm46WVDgzQQlcPAwSYngQpwRW0Ki9XkPgD4l+OD4XHUzcWExDjcrVali2hDC/3DbHi5cv1LlzrnXUtjCGub4vhf8CzGMviWgrwhCHxeKmMzniafzMeuhRrQmOQqHFcKlcrEBMy3dQjAR/5YlqPiNxl6+JYZ/XBKzGGW/1MpYOp2IZjsP1CS2vuK03x1Ljw7lzzOuLl1Nwl8LHzE2zsLitNEAbbgAxw83HgJowROv5mHUMS5yeiCzTvEy4C8xALQyvgx1MfeZeyEbGmTSFkkk+UFpjl4vgry83wT63C++LAZgmf4MIULJ0EdzNETNmkWXReSH3GdkD0y7ly8y5c8R3O52hFhDEYq7juCXVNwex/aeP+qdORXfzA+PXIgxHUftzx1/HfwFktUPYRA1pppcV7PuUo6mXx8JwxiEbS6xbOglCMC6lamCe9iWBywEvUzbz8Dm2g3B3LGVRigIMO5tjNhN6bAOtfcO8L/cOOZLFOEo3NO1PdnfbgP/hTxSX05dqPGSAW0SzypHXRmdrNquFhp3weHg4sJrR5nsv8jDLOHatZS3/ZDbJ/uYh3nwiAK6zfD6osIr5xEzr6zF7Z41ZB6F9RFXZ9wHGy7+CMs5kxmFJUN83xNxfvIcHFp6hvu3HHBJTllhoeoMuXP0zP8+CktLT0DLoXf9EtoLJhbDxYHIGSkNHqIio+o11Mtymowx1JjgUBKir4j8Qx0VKB8ynev5AV6IwTEEzaL+ELp/Vwn9yZCS+4BoILsme+5AKkIBviZ1y1Nmu8wDA/UYlaHxHHXFhuPMsMC4gdKLJDlmh6ZcObhwLRL0rRMyhIcuS36vgMQdKK18pD/XKF9/EYULdMYxh3uVcPEOHPGJpnxeLgviCuCw7ZIaH8fcwA7YZV3xD4lQ7qf3DIgxElWSZkvhDOrMOlQx3GG2YjPeWGNcrxVwNPY8eHwrfdRV2iZcMGXGWrHJFimCi4DiYMBFVCwOeCj/fNOFzHxkM+Qi91F6VxtAO4Rli+GuNy/KZish4fh3zWZcyFlbXb+TuIydQvIOZYsSZHEvgHFXKjIDjxyzw9ymbVQjKPwhX9uOcssXAg4uWQIS3I9JMxUtSETcn9zHES3h4IzKXHLC8wDRLj71GB0igweGBLgwQ/5pux+4VBUlvp7m9SGO+ZJQ8QeFoIdtfNgthglZUVFmBC8fymy0xnqYgx8GiDsQXDBBE4tvJKTWmJdIYI74ZlMhghrPAgomNuWWF8epjhwWx4IQzrg2aieBHfBfl+IfdJtnBVHdA20W4E2KMwZY9w241QJ4khLYchaHmUZghCPxubZlgmxlqbxLjRAoh/IwHwHuZen3LzSZuIVUuK5v1I51BEzBe4vg4aIHtKJjmDwY7lTJCvZQhrBRD4go9x3MDqMYsuVuFYUy9IwLr5GLh4B4uQX6gpsfUyq+qjMCmHBwzY5QfcfG+buITERNiWez1D+ZzEDrznZY0hVATIlJhhLjNfcwjT9cYtMMrK4OouCGKTJUky1BwdwhjcKc5hy0tBghwfKliUF7jGMsZUJZBQZm4zKsPiu9R8cT6gjOng5tL6WIbMfcBAFxwAj2BwQm0AnAkpDEfkLeAJS2Xr4Rl1NQ0D+WuWDckbQt6jd3+p2ZEMP6IAzH9Rneep2FRKJ6gz/wDM4zqiI7NYoys9NEdMesZ/wyj9IiDGvDKFSpXzBlFflLsjHgTE88wlbnnM+ZWBjhIlBKlq4MnSsUTgSs0ngylgZDfBsQNXud8K6Nxb9KGdmomhrh+Jl4TDBMFJVwAhK/0dREpAyuaSspKlTZBm0/TP/kwH/pmrT+oA6/jYBnZqMdhzUzQb4tNRKxICoRhRKYHjTBRojjtO0IQQuKzMv4DP6YLR7jRUEbsQAQSjGnzq9cZh4bpNpgaBr8g7jNUw3PtiJxUFloQw8QeW5AExorgLEO0pjdl8d0slzaAg8qjW1mCKFeJiQfBfhvgMMGy5alhAevCACH5IWHuUKz3AHz8D4KJmZm6jT0j3lBwOSMLpaXM/qdZ/qebRHJ7MuHYngl3yy/lQgIszs4QMGkBhjg/JMUBhmy6mBblcHxuYw5KS7onqJ6CUJZKcVuP8BgzBFDbLRzRAn96Fvy4Kgm45Du/gWRsgpeX4/SW4VkD3/EIIYNzOs4hpHswaG/M0/LPDMFkX2P8A4wfdL/gRx+3wIID+C5cEMHGry8CYyPOVwZ88H5lgC42/rmWuoLcnF/K/4bl8EMKCVYIVtmEnCC4VX51CZgr9jMrvaC5f6G5cuXwBwPNSLkixBwIqAV+fS4kEkyaHiMrAkEYf5L+Yyk3A0hdgwLYvygrr/YSDAO6WCoXLR/U7GHr+J564EwS1oW4NZcwEYP4j84nqIh39SxbQzqD02L3BdMBLly+RhDbAdy6RmdUEyBvxP8uKgTR874vk/PgmZvQzb1fUZuOENAP3EdV+59MvjZQRonkGbO39w7DNAfNQ3BNn1Az/AGBPHAUbNRNVnB0h+br41K4rh9JTxKeJSVK4r4LNokf/AHEGmX+eBDuwoHQP1DwpdDeD9S5bErBY4gX4g3/sG5dgHuLTIbbE9S/4GXtZ8RpLwu3+xD/7Zi/yJgHCoMLSzkPaUqATIuAeh2Q/PgGZTV9UdJPGYuGZ0+kSPtpWk+kPl6/I8aBqhiFJhDEaYPZiMrq8y+LmENISXbQyQuxH5m1YjBb6qDkc0RgYJQA7jSbYcgV74MMqwjFXiWo+lgkR4fA+FBb/AGRQOXQzI35gUqMJEjxi5cpLiAQiacS9S+JVbZIfmGCFPESniLWKDUH0JnZ6iHoysQdUEBieDMI9iXruImJFMlKWvqKTBP8AiQL/AMyX/wDPhmie5bkIeYIOQEYpBRJZhfupq6fc3m/vmzdLMdj8xpNgaMw1xk9pRu8Ve4fQ64CbqxNPDAim44BDJgT0fFRk3KmmXgYkESMIykLO2eSojkRuyyOShMIEwLp3PPvLJvEPy6g0BHd7QOoEZ0QspWonZmkpA7TVEUvIztie4SrCXJlxXT1DMBYIU1Po/wAT0n6j4z9TMiGMNkcZnmSVdw6i0I9IhXhuU8qNMwp/qGZRT+9QmkBtS/ylxowCMkwf3BVRjHEoMQ5eGalPHGdHBtKpVrFlyEJ+uceJ4VA6h4Yv6nbxs2rPRTfE8ARWKIFhv4Vo2Sw5nUDZUcZ7h+TSkBEC12g07jo1QatJXDLjGPOWyKvMcqW964UxwfKow4qLMFWhHf0mXeue5pjas6T1M/JerIeMLVSrBDDfcZfhPDHh4YsMVBtQbWu7ZcrL/U/+ZPe/XNYM8B6Rf6ipB7zYFPp+L46lVQqOWRhzeom1+Sylr2wIg00kGNI8ywLHsTjM3gjLhjwzuFQNyu19ITRshqGelPWm4/VPDJehSBVSfMDoIQIMsZZo291COWmVdpcZf3KEI7o3cpzztQFulTy+fkjEsj3/ALCLL3lKPTLTeKbc9mW+X7lHb+4FpccXpNo1AjCcu+twA0rmvgwGyx+52LcM6pl3eDNp5qFsf2Jj2MqD1AVGVAQSy7YlDcdSqOHcvoDUpq52YKAflElGIe4wud7IsIrNDwMRl2Yq1cxeZZ2p9JrYY1uaxz4mJbEb36KYpo3YIS+CalteYiFmeY1KEqVAqBi3HXU8YRFFzTUS3N+Jsl6lKjXCKXspVBrkwzdb/MGvBW9GWtUyMiyOjKWDBqkB3VcO1FJdFiYKuZcFs2UudD/pxo8qGIgxUOVgJGILrPWm0E2wh2mUMyVjzeCLZXuJXjyQhmfPCuIFaqYOPRPOc/cGjPMD8zTw+EYJOrx91AQ/sQyEH3AdXNdTKDhvkTCZE/1MV+lOhZtlJb0gmoaS2GMS+5oSjp1R5F/fB+9T33HUTF3Nbq4vd1NBHCINQf3Lw/smXvY1iVwHkYAMH5C47AJshEY6JNyIB1n4sqMgD3EbzsIlSnTPQfc8T9wTJUUxk5DH6ERuH/DKJ6z0R8zFIe5xYO1gumB/5JrV/U64SbSZcJiLUZ0JvNfEH12UDSwbqVxcEWtTVE11vFN3ZNeTQNy/wwtolYcTLuX7h9j+5906FwBkJZqn3MVxG/nTuIjfbaWanuodnTKMqf3BH/lRDtDsn9T309iK2M9T+oeV/U9zPaz7WPWMYDjR6AljLU7b+4LZirbX9xAWnwmdB4gWYHg5YVXfRLcZD7r3wR/8if8AVEX2X3GwEs7x3IfhWn95hv2RpM9cPabYVHau3qJBsmn+CovGMWvqEfuZGYSBrCYlI0RfpxVm+LfGnrz1oeJKOkD0EomwiC9pZi91Kuu8SrM/tK56jqIDXSBAB8Q4X5lwtsEDY1+0br8MtDmVv1CYigYLZV3/ANzxwt0/3Hsq8RhxbgWoHxNP8TBqUfUJwPyaldonww7AH1E1frx1OMF6YdjMW57eI+eD8w/4ghg/rs6ifcqVT0MYtlB1fTnFfFiOjUDxCGJJkRq6livvJNHV9TO0T3HG9/PCFEPwweCZi1HYWB6lZojEb50VwHAP9Bphm1f9TYiLf+8//Vn/AObxhMCaOOhf9TUAh/EwBSXMsIXog0Td/qlgv/UNmzHBP1MoZ+YKKnX4WvlX+pr/AENSpUr/AHD/AP/aAAwDAQACAAMAAAAQ888888888888888888888888wY8488888888888888888888888888888888888888888459NM0++8888888888888888888888888888888888888w0jDxLK0v88888888888888888888888888888888884rxi0rmBnHoflPQ088888888888888888888888888888wXFu8WSFaW6DXob7O88888888888888888888888888880XhiO3jDLz/ffXRPIp9088888888888888888888888884hB+ei3jDPrrLe2gfpcWfA888888888888888888888888m4Paswb1BK70JG580bD1q0c88888888888888888888888OUD52bdpdTsLfO3Yw2uY2OPXw488888888888888888888kiTEw1nm9Uq8OCSoO0EBS+o0lEY8888888888888888888YET1CpF/d2CbnjWp72IqpVSKWtAB8888888888888888888hWoPLQzaXPZjZIdc1cfhsVGJOp+8888888888888888888m4oBSKdE/fp+k/MPjuS2Bn/AK62vPPPPPPPPPPPPPPPPPPPJLy8EdagHZ0ZEYXtQv8Az8e6KvoCNrzzzzzzzzzzzzzzzzzO5c7yTD1he56jZ40vpF79LBJR462HzzzzzzzzzzzzzzzywB4hMkeb6q3jxNMNUo/pX7juF4b6ljzzzzzzzzzzzzzzzywfmicAUTkQu0TnGUIAcYDOIiolDgePzzzzzzzzzzzzzzzzHEScnVxHYJeAYoNJbEPJoW9r8gJR4zzzzzzzzzzzzzzzzxL0IosGuJFJibF/chmaHAhCNQQK41BzzzzzzzzzzzzzzzzzHhI3nlWG4HR4TB8fmGPNUoIa3IFTzzzzjz49Tzzzzzzzzxvxs8aC8vATCkx+oGlxuZh0t6yLBTzzzyhj3QspVHDrLTzymW1FIEA55+cH0pe5eJc7f6rfK3RTzzzwjzyl3rr+33VrwBDs3tSnAmReOlgfvAJx9aJw+wtrHzzzwEYviOEYBiBX2UggqzS+5waGaXYjC3w/lnLAiQHpGWDzzzzHDOovW/UVbBXZzC0WR5iPXnBb5w/or5pg4kr8r6e5zzzzyRj5k+D00tkzLhhxM6Nl2a/bqYSunJD0pYQGGcFvt1TzzzwFELernpyo6tX6/wAFePBtxHan51rtL5Ly4bPhu007Bc8888Tun901NnGth7wa8s1Xpy37FbXIUQ2JjJL0mYuMRvn88888wCYW43EfSBmDumc8KWpSwOzEFh7OoUp8gNRWydQX08888888syPqgQewwSM8888RS9vR72MIdRkjCUka3jrYb+888888888888sMc8c888888sZLCG01PbjLM7BQ58pbWq4c888888888888888888888888sie0XFRaWgTkLCV+18aZMc88888888888888888888888888wiYD1mRpEei/FYhm0M40888888888888888888888888888cEHClS2u4hv8AgV+jmHtPPPPPPPPPPPPPPPPPPPPPPPPPPPPKJpwFtfjWYgojoM5JzLvPPPPPPPPPPPPPPPPPPPPPPPPPPOONFuYnwtFI4QTO+mMufPPPPPPPPPPPPPPPPPPPPPPPPPPBjZqNfxemh/oFk4lXkeNPPPPPPPPPPPPPPPPPPPPPPPPPPupL/UOYnkLbmUUUbItz8NPPPPPPPPPPPPPPPPPPPPPPPPpCSHuL+UPDkv3jo7GBPNIPPPPPPPPPPPPPPPPPPPPPPPPPuC6v4FUMFQWHX+TsDsIfAHPPPPPPPPPPPPPPPPPPPPPPPPKPKGGqiePHj8o8kzA2bbFFPPPPPPPPPPPPPPPPPPPPPPPPPvDOFzBMgb6QjABVcTQXEFLvPPPPPPPPPPPPPPPPPPPKINPHPDGOgcdi607+bQXbWV0NcIQfPPPPPPPPPPPPPPPPPHELEIPPPDHFMUSDKDPKOBLGQvVSFvPPPPPPPPPPPPPPPPPAOCOBPPPPPDPCGFBKFHPPPPHFFdzfPPPPPPPPPPPPPPPPPPPPPPPPPPPPPPPPPPPPPPPPPgI4nP/EACIRAQEBAAMAAwADAQEBAAAAAAEAERAhMSBAQVBRYTBgcf/aAAgBAwEBPxD/AMPn8aDCeZUss/hAtcOCDIfDB4GJn8CGvD+WWc5xnwBOHPvK2LB/00u1kPubQybIk+RZZwxMk4Hf2g14M+G2/E+Jg64dT9n7jy22W34kscb8HfBkl/RY/XWMOnG8BZCeELf5yPZgtXwOMGGeQIxYTWKPqnV+NtsC3lkPaC8geBJ+F/Ta+yert8TuyTg5Trgz6ixgZlFTq49a7Zuysss4xlBs5HC5bwkcF7wP1ULIt2Zwhdw883i7ecsvLQpO5bbjHW4HXxzbH6mjIwU25NyEmAsD6fDJLVsRjZ9xP7kXUBjRsce22xydPqb9RISKt5LTZazSzass5UOvCtic6bPYsNnhAWnZOPbPgNId/SUhGRPjD7Qiy/LJLOkNjc1xa9Iu1vrhC2HvG0X5adz102xw+Xr6XYLM6sGR0vMlbdxeWQ0MeIb2WJlqxLLO73kdakxWN04VjLt2TIssJdfohsMbsGQr0sWTrhdpDueQ3tk9mXtkjb2cB2J07gHVhDYHduiclr9I6Sw5Hu6fbTYd42GQynSWDs8LeowIhPXg92XsbFCOk5jjAI5l+mySTOkr29BbgaDyT31xARjnW/Lqh7jA2EIRdJIQsrtjtb7s+oOtnVhk4wewGM/srG9XvOcA6N/9WR/LANvH2f1M7Vtl3rgENRen5rgWPuCfjSXpa/q1/Xz8LJZPbeGSyyyyCyyzfb/CAeF29sLAyMzslPIZF7Xt88a3Wbkxx9LB+SXs6BL9XM4/BYbZcj82vc9dfDJLLLqeMs4LCXY6i3LJ3Z+TJpAGEPeDbHcCfsQF/gLeMg3YLo8aLhEex4mf9R029sskWcEhJH2xay7ERdth8nt5ZemS3MdGFBlncJFlbJVdpaF0DxgNksg9yZPHLZpNMgeTSMeViUsSB5f5W3haX7omNgN2ZwROC3Esz5cgZLiT1JRQkbd3Ye4TftihIYMIxxzrT0S3rYB7lOi2TDBmW3rjWWwdyJ11ZGWGyYIOAIa1+cYrd5N+ow09cGloLTgIsIenBBmyU2WBsWHJvIu0lyRHi3Fu6/vjG62/REcYHA9lkW/M8nB2fui7fspv6Jxja8lLbOL2r8OWtLzvZOocZtl0w7blp5fiX4k2jJhEs5cMqsglz/ncxeGx/ZykOwX5w6PZDvZA/JHxe8/FMvy3GkncurZ2cAHoRQ/S/qJjOzsu5mx2tOsEEuXT1O4IP9J2X/nn/Uuqv7WXclmrE7mkfvdtFPZ/W34ZWGOiy3Igmrhfof7ZJWkIgD2cMk4/55rX7wwmDhTVhGKdYeX79tK0tYHTS2zjLW1nWyyCyIJ16urYix597U8uphejZZZZZZZZZMjdnUxHX+BZ6bqYT7aePOcaHt2S8cWle3OfwIv5eMwo4JF+jKevAny2/Lo2ZvLb8nG13j/ArwHfhv1j8Vm+iQibELvdYhrH7uLGjgeBJbwQCJPXEMGyrXgAjIOv7m5YZ4dGdeXl+cp4Zy1dwcT2Td9ym36Ur3ZPuKWTbxojXtjYdY/3hXoxjmy/W/dDM/dS72WWp6mfItvcdPI/xCLGc/kh8L97++6nkLnXsrcm98npwKbtCJR7/hE29WTSw+2J75xn8SOWpVr/AI6X9nAP5Jn8SXeHGNxh7sb1/FDne2S2f4//xAAiEQEBAQACAgMBAQEBAQAAAAABABEhMRBBIEBRYVAwYKH/2gAIAQIBAT8Q/wDF7/koJrJ4hiOP8TYCTOpbZ/fHCWFsYGOf8Fvxl3yeHPO+ByYY0bD95QjziXXxvjbbbfO+NQ8XB90ykbm222357DCtDm9W5a/a9TVzxllkC4eEs8vw9ocLYctfsvUtbIPGfLfCTiyyfdnluF+9v1+k4fBNuQl2jJcsj7ukZ/I7hi3ycQsGTqD9l5hw4H7F3LhkJi3DRHlkjrwh9t+0A2M8MdeNt8e7b0XrZWeMHbJ9VLPm0DbAmdOLm0uTghk223i21dRsMQCcyTerEh5l3bb4wh4+q1SdeiAvIyY+Y7JttttultaRpzHO4WrkgeG7IP26nyORP1BOpUa51GcJ+hc9YuNMq892+GxiLBtuZ1pC9wncyEvTCAI6HxnHnLkt+l7v1aby3D3fWwuJRjBaR4L+oyz6t2FRnyTHqYQeYTGul3jqZYEafAu10+kDpnS0L4jPJbkhRsao1EgjiGPUCxuQwVmWDlhzO+klaQjSZxOECDTw+O90+kWRucsjwsu2UGeGGrbJLZxGnQRMGbnYdQ5YaMG4v/pdxaglpZ9RzMx1g+iuXEWwZL14b5edgsLcZ6mRLeoGVmAyMZJyTGzZ4juTMJn2lXC6eJ5eTiN2L6Wwyqtz4RjcswYMkkyGcXPaAyl9JMt2wLPCRZA8Ie48Ems/yXSxwvPgx2P09CYuoQECxgFBruszi+KtrBChYxC80LyeIpnrNwwnOQG4d2fhZ4h3/jv/ADycusImOFmGShiSJgXZ+B1BbkRiENPObF6MiiOh4AXb8QBrgqFZG93zUKW4XrFzuwDhv639LSfieUd427GTlOXLFq/TwR3cEgseBrj48ICO5va4xnluFBtG3m6rq+YXb1cplg7dBe8tONgvE7pj6h+w3352LJX7LpjZsdXsXBdR4Hezx8MJIMJZk0sZD3eiXiHPHcB892NkcXSTBrxTJ9UJDa39lHjaIbkDI78QgXjwnrLZzbrDxGC4m3LzbkOWbD6y60gefI5szg2VMdZ8u2TnKQ2hIcTkxMkExibCcyOiQ/yAx40CRiUbn5kDIUhcDs94mm5erFvE4t0Gcn3WFY3VvVWEXwi8PatbfPU0LfEbIxQ0GSBhhRlx0yNy1yPAVNuy6nz1pBrbJengBgudwczy2jxUzLOrHhaWHFoMzLKW3fFx62Rm5X5bZCl9zcSbZdHzc8tRxyzjEsUOZlMF68syThMYmTxoCgZbWzI0Qr1NzYrozwhQA2BQj4Ngw6WaHUQ/I8kj+sd9TchtsmTuLvZTJNd+MCaMJAyE/IMrpzi0bG8SDIX8tITTwshu5cndk8SPGYcbDoSaXuOPM6mwsPJfsjZPZHzYnkuXgux2ZNWbZnEa5cSO1gsD4XXHwzY5s2GBObO6Jw2YAvELpberWVk23ZSmatkMr3YJb1AvUvaQ6GfZ6hIf8m5s855z5J0ZDjm7QNzye23Te8g9w3uT1Y7LB4gMVv0wMpcursMWzI0lJ9kNEmoZ1byyxjcE/uC2ZJ1Ik+6cW3fFrywmreqEfuPuFohdKfAsdy39jHju1a39Wkt2yqwl6sQwu/vA4MPwSy5E7LLIc8m3MG3JzNcMzhxGcH+CPgi9fM3pzejn8ZDst/nhDgBdRMpnJZdRFvjfvFhJ7Xel6qVfrdMXSEXggHV2DcpsI5TrsexYOMLox99Q5fBgvMBp8CXO5nhseFJeyFdj3G28WN9wy80NzYsjvNwvdQgPcc3JPfxM1KzUljSb1hzOphF5+4AuhjEbcvGGS4IyMyGXMOrbhLgIJRxZQRGJdZdR19tA1i6jq2yyDwELGgNLfy6jMeS6MhM/wEZLFNzi0ti20h0sGDY+5t173rN8snb7yD3dLdFfiv52XqT9WJ3LnMmWuoPacsL1IOJ1pbgv8HCw/JP5I9XPSvSSOCw9XeT5z5797fBlmyIM6u/mxP8AVqbl/KAwBp/k9OLknmQazjceQTL/AJXZ2DqQ3ooB1/lsef/EACsQAQACAgIBAwMFAAMBAQAAAAEAESExQVFhEHGBUJGhIDCxwdFg4fBA8f/aAAgBAQABPxD6kf8AGRZMZMtpRFszAoKsisGX6rUXqH/EyJoTMtczcKD8y8iqsX+YAsdiS86h6WvpGPKKElZz/k93/E0vcB2R8SmgyfmEzM2TAX8x00LBz8IWMQcS7NJTCvkzWDb/ALPMJf6D/hl/oYhBzrWF1Cj2i3Ae0LtIVWrRIWfwl98YGWczyshZDu8DMwM+hgfMH/hN+ly4sU7l6AN5YS1IzaSJG1tCV+Ie3qpSL91AcTOK/M/m8gModlyoA6USNnjqkVI9jJCqjRG5SYPswh/wZjfcagibWqKH35igQO5joVxRI4MLSJ/qMmWaiXvvTZZkk9WS+UAl+hzUcgsLGAMXQ6j5yGAkbqNLj9o1QVxUb7K5SEsOGyoRuvjIU3N6z0DcuX/wG6mXOINXLsCGP+sK/mWA6GUR+eqjA2owGzPczHR/HK4gdxS1aVeCY9IhYDAcahIS3uA5iXiUqgjYG+Zs2iivabCS9yTmlr8x1qGWiv5jlxINkH+wNwHMHEv66ziLmPAKhsuf7gOCbETTsRjNwJtQzaLNCag+ZeeUr4lSV7gZrKysrMJVlxSG1HwiSgX2g4Z01VKYFzdZFYDhfzsoAtzRSAKT2rgOpf1llxZQbj4hVHm4RtUgtR2gxCV1cELmmpbph2lLj09GUM9z3QrzPf6D0fdPdCG25TgqasPML7hZrSikI6BpeZXKnOQqAwm22feWoMIwmkqxbhA/WGLZsmXxqrK5tFPaOB3B7sznv9NZWeyEWRFw84Yfo56fs9PvnvnisyjVvJBF4VDpcmRGMraKieydyiwuT3jXY0rr2i/6loII+rMXcXEW1VDQ1UGZddzdcNKhKgKO2CvZKfRWez0k+yeyX4ZiZhczA1PJgK3PfPfA9xd7Ikp3NsS8E8xJMfhKYcnbEExKVEsbEkz+ZZk1KFDzFSr1Y1UDAgWZGpYZfqi1FiUuQnDaxRbtGBS+ZgC/LNFYOiAFLTmHlMcS4y5cuWgtxuKy0tGPdLS0J23HHDPOEnnLiNgBBZjRUo1llk6BbqUN3aWCjBdYF19Mu2GeKc3BQHvAwwp3FZ9TDnpQHlh5hwGwISUYhnc49HWYeJUGZgxhqLUBLJSU7l9TT3nPp8wlSpqXLly47QVi5xuFmWH0bSksjvFSg6PCbFwQ9Mpv6muUarMK0czYXMEjQb8wNBK9KlMQIhGStQTUVFeai/KC7l+5fuDrCyrlAOIO9SpsgkQ8xoN/rFlRvCQxg7l+JbkRxhvricwqs94jxLy2ZVIOag39RyNSqTdXW2aIelxqeYxFRTi433C6yylZSC2PvOiE9Fys39FZjXzF9JpUfmU4SWrOMy+ggUS94gpuEc+nPo7IC/ygtFPmKZv0Le5jqK9bl24A8YA0Eu9/eBdHIORly/py1FzVWneSCiYqYNwCHyiLmbmBmiXli40Cw6Dl8uJlh8EEWi9Tcl/JDhoHIbk/aORQ+CaVXxL2Qg7csSyh4hgITySCuvRpnEY7g0OYanOT0TJM/Vlzc2IRUr7yoCcSxGICQFlB4i/ASl0syLhfpXq/SlUeAscvuR3xE1MUWpmHiUFJFisei4SRdsEq0bRjtYXLmNirXUwZQ9olip7RLP4wLI34hpN+IOESdGhtCPU3sfKKdDKGWriYKu41pUXK4dQnke8EFjBuGNOY90sM5Ivcb4W3CbVOowIniKAk1kqXHEl6UqA0S4q4vMuzmcPlaQFqQbh3hxAFA7gVL0iwx1MoMWH0kXHKFap95gXKalajcvGZj4hCi3xLBnzme54CNgXhFqLPEsCU9YgFROJSoiCNV5mE8ziOWajimoDJVDmuBDDe6mxj1LzV/EtbGIFESF3ZTICBNMHqWgYeIhnUEEPy1Mm0Q9iJkz2RMNWsrxLFoVkJl6HxBovELTHquVMwGEQaGhcMdR43RslNQDF5JgCtrcHK3N7TIIbDqEXD6O7nSwRFuQRi3liWygzvRK6a9kKaOgxRFmaI6kUlnMwhKPMsN2RRm0lLO+IW3/iB0Z8yjzXmO133/wCo1OXy/wCoTWShKzBQ1MsQzaUTNbqaEKacS3FY9ouuZlhueYOtYMRU4hUzTNu4bVxCdiyb3Egi1UFqy5HEohAXZORY7+YVoZhcXy4AlcRre0hUW7zcJVDjqFoj4JlwHVEBPBvNr7QbHMuY7fpBuAEdQBUrHGIPZCfxDF4ESYDAACKli4FGAL5lvhBDeiXdL0XAAl4HOTAMR9s6cv5gZIOSjiJQDD8NYtt95T4S8/xO8x1UQbDHtGU58kRSGQEXORpRUBuPO5lLx5hUyhYfERgR1cJjGo+aWL+VF02QpitYauKrTaA4piCmLcNQQyLM99GOE8Qr2QKixlCGoA9+5ltg1Ua5gNwBVahhQVBd7z+Ir2uGvQ+ivmIEhk6QYdtUG4lsNVCsMDHhiNsSk2V4jjbCDDb4lMsMWxChrcNT4mBKQD2CAWAIpqYCoTCI1mH/AMCF/wAIagQBwS66lWXMjidhL3l7ka0Jiix95lUBb6JQ72pEqoAWMeKhaoLmgjuEUbhVWrZmdRxK0LcwRCtTcTMuMhfdZgxLBp8xsA9oDDIDKCYNxb3PCPeZ2GalNMODNbY8WaQcMRukojpxBx6H0VITmbbYJuEQCabKloIdGXhWBcmXomnCieRNEEdRBFcVAhFHU1wrdwAS4UGoyWUtWYjOHPxNEIymVCDFxDUuColjualiCiovybWuPtGaWvaxC+CMc7QhWse5jqELBOGCcWUPvtU3Lcq83PmEEkUMKRsSt4gL8QEBAQqTDMGYJq9QAResys6bKYq9hYk4h9GSyCoCFI8ymvQm/aW/FaYylK3xGHpwVCDCjVQDT7SlQjuC6HuIdFe5iQyEu/aOnNtWKedVBDrAFldhGBxBzLlwYMuXLzKVUfU7NWYsCgrhs/ZQw/mdcuNUzD262aUMpFEVtxyRlxkqIsl7SOJQKR3csh3MiYxFrCLSy18wZudEJtJTLWGUC9XcRO0Im4LRd82pmmZrMPoz6ZrZZC+qtG6MOYMpqpzCIZ6hC5eoRQREALpSDh4bTEWVXGAIEoK6qKQl2E8sQMoQLxBv0MS4eiwl+gtVMhnwyv5VY/5BkQChpnjlIjPAJoIpENZH8RQNOTcQ+Utx8V9WiTVurCbCoBdSyNGhVPEOaL3DMh+YXdVEfRVzKIXiztmUeoBTI3GgC7sXxDHbs+/0dYyhYy+NhpEl1wLwR2nyZn61oXUXejKe1AGY9TOUuK3Jf3cILXvNDAIA0EzxPXao9UKBcGoWj6XLlwZcGF3BdCN4cxozqRxE0C2XxBX1MhiPmWcWQpMl+8YzPcm5ocwW7cDWo6tQ3fqIajhuYbF9wTaFcxe6Ope3I7XzSrKGDTmHiDiXXpe70dM8RJCZDqBrSych9HwiIiXqGWIXNg8QIAG4GBl5jdWb4P4iZYmqmfgnSDUAV0RFNioCY9JBGQuag0X3JW9tkwe3XEUwURdtFsxWYUEuXL9LlzcsF3MPrmytP9gr+Ae5lWABi0Vrg5jHvO2IMwdzJEATNw3Cr8zbUxsXFYkPzkwV/UGlZw5xCbXxA5hmbidsQCBcR2lxeincDZBh4zE9CvoVCMTxCquI3nWYJL+jQogXcs4XwfMNoUdSsUsfiEIOJvM4s3GxZtVQtHqoWk4Y0q8YRfvUfIlaMIETQ1hnqb2CsXTz1MDsFHmCJeyHtLlw1+gZthMgTU2Ul8F8IaLGCB20WS/Eajo9t1FpRaQCDAtVcJDI8ktbxBiziK6IZhzADdiDo33VogoBXMg1jPcTIbgmrMLEYiXJDxKpvuyxj6XL6jpmd3iMWYS8jALJfofQX1smZkjSJQRTWZZPLBArPcDBc0xKyMLevMSV81hTH9zlwd1fMol2c4uYKzcS4s8kEU8u+UUubslDzCHQcDzBx6nowfRcJBIGunmCTWoYU9mWa8CFo5xKUqKDdMHsjpyQKjHAAsVgLEqkxkshtKqwdQjKo2KYCnvomq0xmAOKSImBsCIgaiQRWJiVzgKc1AuJXkjVLHuEFZuVLlx3I+rJIZTph9CSMWLjMd7WIeagr2rXNCioxumCl4l1uFounJGDW02bjeYdLygKCAYDYix5PkVXiPsJL4ZnxBB2KCxxGsHFvdEsjHJ5iEafaX6NMTNQ1Lg3dQWtostgylYElYSZVli+Kmi5GsRipq0yISQjLBXmsyixXLQhtFwqMJipXiyWte0vQ5e4RcEyXco9aZTWSGunkJ1RQ5iYUxIxwExC5cwxRzDHlAqGEcG09/ULgHmEy5d2fZ9D6CxIbpwRrSpakIAxDTLhg1QbDMfy8Bc3CVWWSCMIDjiUDAuiZFTFSpW+oqwn+70UDb4LmvJkfaIcTFBKtTCwA2RBqyZYlTLVGL1Bbm4JbiKagQBeF7kdkLQC/fL1itUqIYkOxKqLE/Cqm4Lot77xA9bdGR/65v8A25XpUILJeT3GERG+R4hxqGQNwFJFpGBjirpuDjHMM36fIenEHE/OIp/P8oQ+gu2dQLcKVS7mZO59IQCA4hRDQMNGsQTwUCVwwsAhdmP9hV0IDmPME2YsPmNCqWXtlAZUZKKRpfE+yRT5gjF5DRL9o7F3MhbNqEPG8ZgWyMI3EsIF6LElcqX7xLQMg6upbiya0D4YjoFVWN9YAaGDXliUTHUdvmLbcdQ9jIUn8wescAfzMoCYKhwuLRs9FizSbg3FAqOxFopIhd1ISoiNmGELtZKUdkNXcGi5bj17OY6DtYyuKt94QfQeZUK8TIBWyB0BCEu2W9QS5lcocl5uCbOsWnGSNXNChvqYsSnmPu3BiVDSpD+TGGtK/NkMyZCPtFMsiKii9RUcK9Ar2OrzHO3pO4FNZPmMK6Gr65iY4iit1Lo8wtI9z18Ta4JtXaX7KCtswA8tMw2XEWDfEfzbqIkXwK0Le88JeILCNHibkX0YHBkeo4IfjiVhVyMeBRRQmoKbJ9qVHdMGqZhOEQ94RyiqDZ9CdMJVpMKjd4DDx6EHpdxTbwdy1GVg0SpxRNi+v8jIBczxiPas4DDBQHLVxFhK2485gOSkaWzFYtVmeJcnKPwwIvbi3KmIgtVShlBeowvNH8SmMAH4jPVtXGJRQe51UKMETAX9o0xapckEvzIL/MtQiLXi4LbuiWirWVDcMolmM5ldgGyoyGMIuQGBa4wwiwbhFjew0y3mhQg28ytYipVymgu6isVy5dhpCe0Rl5g+hVFT8SpWlwXnZiDGHBuJB5iv2oADu03zNpUDclV8w33fLyxUpsUaLSYj0axSiv3lVJZWeQ5BTYyqo+6NFwPEVSgc5S5foecRZzM16jso3NgbH8Q/ZINV5HsEqqFiKj8jVcqzcEskW6of6alon2hkXrTimAA4gUM+ZWALGm5iSZC6hJUFjLDQHzFhjMvvBGrq5bzGNy843BwTdRORRiWXqUsxAtxOtEArqGXRFuAlVAKOWpXofQWCYl3dTUIxoxDmYTOMCd6lhJa4h3FcS8cQvA3kN3FrEOZz/kv61u6QAtgHMFuXgKOYBmbXBUfMgKHvMd1QjVBl9DLc0cmUUNy2prb7SjNI/iHfbk9yAla3Y9otjiweETWDwR3PKSjiMDTUt2zFdt/+95cWF6IaYFB/czSZrFoG0g3Ud8wqVDsB5S7W9+kWylB8phQt3GtU/KNgJBtRqomd5C6zUDGZ9GoA1zv6INuhGxgNE0hLhcp6NynBJaAZj66VAfc5E1lt3FcVAJU6oHUj5qIJac5f6hgo+T/ECjANEuTgNx4ljHtCBNTDxlxGtIAGlxD4jIbQVZgli1a2/aGQ3Z/iXOjiEcA13+EFWpqBzywNXJhBjTIjYR+qkOz3X7QmqJfdAWatmJhcin+4wz1h60UFubGpUo7gRqGiB2SkQGbisq5NxEoikBNBzN93O5/EPDVlWWBSYPob6A6pEvd5Zkp055gYiRrSe7lrZXglVkTGYyjBuveVgAJKkITiUY1NcxqbgCzdQcVVEctxNSyq9SzEN9yXjCKlczYeT0bXqPZAU/ES86Xsh0Sg1d8TF98lm66ubSHBpPvBYLdf9QOt1lfcuJguGUIKt1cdHaIjrc8JgnMHEeI7JmyiOXBIECCOqA1E5uYUf7BUp1kYfe5Ssexd+YIEGghSV9DYx37OJUuy2+Yp1qUtVcDIu535jcDMNQD4hlXkFnHgoJhLqZGnNyp9WrYQegLbj/lYeGmAkArBMJrMS2ohY7JkuJBdQeYGYBSM0tkN4ywwQVkYTuAgkbEoaqZZddxpaQrLnB1fjUONTfEPaHEOPSlcxOcp7QMQhA8TvxhobIV9HMcI6MSgNWXGQThL94NypcG8wg2cdxLTFQo/MFiFymcQr4GUyjqDM4hhsiBWwWAyy7hHCNAwzKaGb3CVAlQJWIQmIKgigxPMMgBqsLzqajqsTNSzyeg+ZLXMFdfzFBfhWdSxys8GthHBE6Z8QrTEAoHmyXVTPvehQZgYidQKHSSz1BMEdzcCv22XLly5j0uXD/4X0F5zLXtVUUewxwvB3HGkbqJDzxhEoqOttTSuVJyVLFOyZ2CIMQ0U35qJTYNnWsl3DAX3nVQ2ojKMsFDUL3NItQYsGMMXiZFVY4qWsisBcJKzxsSAtjcpyzHCBW5XfcNhiAdR2yNlzDK6cWRRDPErcbO4BQ/iYAH2lpYXlxnVRNxxE6iw0Y3N2qZt3D9xZeZfpcujMHMWGYbl/wDwPoczU8IwyNwgFWJA0pO4Si6WM2w+peAg9x0xYuJyG4ooOxiKra9RVKTq0GNPnOBylwQxPaDLlwBKS+iFsdwZYlMxjkdMpJmAaWJJpx4lMF/DH2MBqKiOAi4SsYZhgu8kVwSCAEqAV1OhzChgPmdJ95fWZRKZhiYwYMxhIkao6xK71c0/cZUtZlKf2FzFVCncDoy4WCWP4bgMLS5v0x6V+h/YY7nxIvYqVcrvUMho6hDItU1MW37w6SiB6CVj0ECCjG2ZHpyi9S6XLRwglgXp9F3LlxW4hhuqhU17LjEPcvUDVVzvkedypU3IQ8oD2gBQI10TMtuJKhKxvxLLWveCbveo6TdGcQ7hE7mb6jzH1V+DH9oh+6qIVhBjxFnLcsL4DEWr2WppxOI8kUtBy1ioDii/MTTF4sr3K7/eCaD7QDqDLzLlxl/qdzb6SZVdQu4GIxICVLbKzggAuYqi9wz6DUNwKl5gy4Redy2ZsjYDVEWbrHErNrfUuWxggZcdRcQzGLFQK5Yb1GJbKNVUOg28ERZLsuF2HkxLlKcTKpe4xI7gTnWCvaJr9t3HEaNumDglIIg0Ew6mSNdsHon3j7bOwzix1mYSYlpvvDJAeII/omYR8ynALeNy4r8sEBixSmYNgzInE4hr9FyhBU9JkDqDUA7hXLUX/AwCJadw05pY1GrjaF+g0ZhGMQwSpeSsTWWLae+pit2HELOOSD2wHceku4S6hZjwlnofQ1GMWN1LcHiZu5WDBIDATSYK8LiBjqKM5iiDNEGvalX+2+kyHiBfREYVBwkXMsWJlmMLMxepSHdQKiNkHqRPT+EGnN0Qw60phki4y5h45itkLg6QaixD0WripZhOqIXGXNVCxnctOB34g0oogsBRiMKk0VBLMe0DDz3Bw5uaQz9IhwimUGxb1LbRl8LeZg95SjcVLM1nzcFqVRdxyfDBzUUGILkm2IsGX6Z9F8QzK1H1jjEuo2kBDQEVi3Cqiei+ILcxSy4i5gDxDUf20JtxUA8oxAFsOncRc2MO3cMXE2gqG4lmk1jSXUWGIFvMV0MwImKXrhnDHhKDB2h2wOmDj0xH1M/CGiFz1EiGbWCZIMaYc2faciUQDg1Lq0z8olOZViMr6gidt7Rl5vFCHiQ8MXOLruDVmGdQZoluQjSLdwWhcXC5a44jQA5mCiCw7ucEi2SlD8S84l9wZcuLUDwEBouOoy4XaQu3r4lSFE49DHBZMn0BmXERk4I9TgK/MMQOP2R8+l5nMAkSEVuO1A2lM50bvmGiAepQOYlPiPCA2so7fE0wSqMxzEhwzBLiG7OpGr7ES0RxtwMYIiGGJmdF8QbyjiC3dcRMwMupnuAWrwtQaHA06hdXe5hvfiDXk3EsLER4IXviOmIoKEdPWX+kWi8hHo4Lp1LN78XiDqt0CQVBiEnO1wjyn2y60fMqMZqVvOGeXER3KdxS6dxOB1BTKZGUQNdRFizsuJUyWxRkQrhblYBHmFtUuWAbuWcLECgNjWYzVLy1KAi+ixjBtjuXspUuB1KPNIah+yCpdEo3OLuEWsG4NCD7x7lDAQ+R6LmGOMNEoSq7ItSXpcVdrRgYiXmqlBBmDEVmlFF1moMNCtVHZCXDg+0HUAy/7MRGFdGsJwiJ6JZ6C8wDVdiTGGRQb1L+8HGdwA5h7sA5yeYNEMEohvN+3zBEqmU17qsMxM3nMoKC3DUaPgg6V30w+CItXKOCquKqtcEBo4mUVOict+0BLA+0TCxzuYbfDF2/wSgoircx8koJtVPiC/MWx4oy/FFSjM6hdss7ZfUdbx5YreckcjuvfMoQrEXX6HMUWBWYDHoKM3jcQrlCr8wMEP2bmBfEY++GP0U5KjAyO5ULDnoS6XZKGonCArbgMCKltdIo9oFofQz3IyH/ABxLAt6gblaq4+lpyLj9JvSCEPwzYCTzqKNYCC4Z0kepR+W4jk3dkNgR2g2wi9w3LgiUlDiKGbfQR+hqrIgHKf2RTUOLm5Q1CcM09Ei1wTpLPxFbji38xC7xDCMJFjLPJE39Edv7SMq5vqClyNSkV9uaD7U1X2IzoNoQQW2qYbQfEyJpAJ+Sdg8UFHo4K7ZblG7YQB0Tn0fUkepdUrQ4nQoyDKIZ/HoNfsuoitdkZ+LgvEVB02s4sjxNGvJBY6woGZzEYIAAA0BMdYSw9objBBwrZUVCwxUXpFDkY9UpB7lRRbnIRccagfYGLYQJYYbqDu42gVmEkAIGGbkLSXuGAdnoqVMqldHOSBeXjM9tQxCF5lwnDZFAK2GIqeJBiOcuYetgXNqGGFQV+0tUKJFS8txaJSt7aiLmkI+6IwX2QZzLyzzUq5balnIExMW4hOczKV33GTxXKQbLYa5BzBsUalUBMEZcUWvQKmj0RoLoDcoRZyhA6hD9l2jFldUQwKLYQtEYxe8faPEDBUKzbbKTMswnZFaQwituEuMFjDGMVMcJtcBT/cZGAWJKEUuhYFytR0xalkqyUw6lAsDMobqLUfRh1lhJ71HuKWqioMamDid0BeGCy5SBdlMeRQzgJZcqaDKupYPZJhxBDAGVm1krxN0vEosdRlDiT8hCB2wC0WlSpjasuupa9xZzFfAs/EdY2mkQXZBbQfMwMqNsJZdqIQuh5j2uoB4h12CIFrUUilxYxdIzUSyMV0mdK4JsE4GuIOCH7RswSrXeIVSZioKOJuolS8Re/l+4I8yjZp9BAiC3GlMMwei5YyA2H8SwlTcOIbxFDVHTKEAu4fRSNhvMfEucwwQzSWbmcI+mUIyDhwx7GFUjKK1HUe0SYqgC4oC+kjEJ4NkUYXP8SwsIqCd7IBeFW2AAUyLuOEpeBbjgwYbIvyi4i95lTUCv7JTiAtbh0gNWbgRSstwkgfCK0t6gzw3zuWbZtzY5A4oEpix1MwuEal2buGpcAl5ohhUAKx4mAqGbjFi3K9DjMJiW12QhLmNb0qQhpVQlQ/aCA/gqGe3Y9o8oiXNlalcB3CKyyhdtZLjue5esruOICADMQwUVQYA0nbM7MVNmLA5eSJCKuRY07YXcRqbwlImFOZlZh6pE0YZbS3zK4vIVMSabit8TIKuKQtJUNhus2RAjPOoHyIFRi6D5jbtWVV1FUAx+GqKQBFDoX+4CZ+ywdQfi4nOEstsueDdjKMBY2/2XFb7LB0tO7x+ZinRoHEyd17QbFte8fLFFUUCBQhtV41N7QTsy4x9NoDQSq0GiLcaCFqwxHO0tHm4Ag8QftjAMHihj2cRkQCBpDzIThlmGvaHlOIKpnTKIJOGoBH3IDND6PMg2I56K0JytkKZdX6GZwz7MFOJzzcV0dwV4gUuLmK1UFiPf+SlK16H0SJiAfYKSHhb2meRJ7iVajTmFDOxLumodFwo9QHBbDU8zUIu5yjzEzWpa3UsTNVAOIjzCNgViEwsLoMQIk5ZSmocM2lxYiLLaljAsirkujEIFKe5xGXmLuOc2Ryy5klIYgYxMZd7CWZtJCCZtVm+2CiEP2iJbDRExA4A6GG4uTIwXeIU7GQAqHqGjeT2hLYi5QN0RUMHdxoTcLIUjtYyi0K4ZeIDdGJknZi4+OXzK7JY3AZmzDKr0yovSVAHgEIPgnqCAApxAr9Colx6TEpyWZo4gaQ8Q79AldeocPEG5LgdDZQwhpyRIxYZjvuMWj0F6oXnWcg+00iVFtPEvIhMo+BHbRLSRMbEcQWoGAgGGFmiqgT3TzhsBEcZX7wJgFUJAaajzFuXHcq3EVI4YleCoeLjU3ATI0Hfy+TBI4hiEP2rQImYClyuEnmWMOLcxwrJgE9ov9Rmye7yiEu7RHtjgYlS/v2Xch02R/IDq4jQZf+dTox9v+pmO7ef8hYOzWSVWt6GWurTxFMzZJgHLpLQIp9jieBEuoLEDghNvEDH6HcSAhYjiYuy2PUKyZgm0FNMMAx6ttxUIvVX3LvBaAxpYtwMpziveNWSAQtZggvFzkjW8ywA4q4go2U4hKw9wHEqEMN5xDB8pUpCYsNx2Bp9mIlMeGoQIKrVFzVC6o3FOo4OIKNKMymosZ/MDVKwZSwljKE4dwrd90QDAxnywQxLgV+2XG/RJUSNIr/8AIu6PtAcFT3EpqVfFxRyH2ngnglaxiZNOpiSPJGbZ8Y2/1Ylj7WU3x4IRRBrUPaH6kiTSobVgqrNy5YSi5sxua3zCWCpiHmQcVDc1LRD5gOkzxFoY4SpRGYAGYOZw4CsQxTbUHmaxZjdXCG4hVzB2bws03DymwjKuwl/4ijFQzJblhEK1s1LmY8QzhPCWpcuiLFi4g9xuhaF5g0ErILA8TNYOEirYqSyChiEr9w/Q+iTHma1N+gZmvS5zExK9KlVKldQJUr9oImY9hmQHUxWpWvtKisQGoUEa7jcTAcCyKlAXqZHkzZFbtGb7fmJqRuJYNylVxaBiUrMB5R7MypuBYT3l6rAmIQSzeYNmHA1BQQNYiLhol3vMLHxFFx6agWxMoswzDL64Q6MI47lvd+DtILAA11Mof/GlyokIkCVKlehK9K/SftMdQArBL0egaj8KHCR2wKnOoPEAbhDGomUoQIs0+8QW4+bg2kntO2e0/wAbjmPsQdb+ITwflKeMxcGnnJdgR2ELux2srxBmPKLSsdSwi9CyyVeo+LJm1M1EUOoN+AcwiUS17lc4cSqP/oV6Prn9LK/eZUFTGMKzE4qH4hdd8iYF1Uw8eg9BlwwjquMkLbMzC5qeAY7H2olyfEPNe0AaBgPJEncb6iwpcuLmMcS8wLmfMPWdUU0DOKneZYmFz4QBV1lohvHoY+pOoLINZHuKrFZA1AqCdQ6qoBUGoMuD60Pi6h9rANk+L3gqz6TRiopwwVlZsQtwai36XLIsckC2ZZemJTuKkqNYoMJOs6JUm84AKtQPQ+pOpkVEaxAup4hWWrYtl9mAeY7gy4MXENSh2RGiN+ajflBTWAvmUIA0SgjvHpU1HMcaY5ehHM5YeGXq8nBLVKuHmDEK58YOsEyjKysMFHqfU6jqO4KQPCXKGKG0jGbosIkIWOO4PUbixBhF+ly4e890uXFzFly5cU9DBluFXUVSiAV4gXVuC2eAzLNt/JcNyBUrFEDHpX1Z1KjZGYLvEDMqcOYLoDGOIEpWD5xG6xLg+gwfQUl28S8S5cZcue6MaTL0EzAxEtlJYDqN2OoTMpbosR/MEVhwcQMYlfouX9WSIBKTFojsjZNjwi9DVkhRBvpl4gy5cHEuX7fMt8faX5ly/RcWLHMNQgG4LP5RBPECAOY7x+JUx5USjRhDeYY9OfVh9XYxHuGZMMZUC0m45QjdO4gJNZpBrD8sVlo+GC8wXUuZhKhOPRVLix2lgMs4Kly/UUXEiq/ZTCix8sFAUeh59D1WXH60ZSRFgpkMvQHYUi0g6xEtUublMIuZviMrPyxWRPvDz/M+2PmxXmFD/YPNTXhGqzjUkRkGbNrUNFE5OYSFzsLhNAexApmOpefRcQYjzLlJd6lzf9B9WS5cdyqiTABU/PcS9Q4HCHV86xCmTpmWfntMNfHaff8A9TrD5/6mjnyzD+6LhfgzEyiryoJB1pqGVAA4nxLz6Edwy1RGFqNlFiEGcNEs6O4plrxHBZfBKIIWhgNoqbMuXLh9WqUlFypUS9ykIq+I+yU6JTpOek8CFGpQ0Ep1E9FSsxxKOiaRe7BtMAtQC9yszQ5kxqOUYAw/hCmfskRU0e0sqL4hEqGQIV4+cy/1G7ZJW3MwIfXVqUI+IC1UqruKWefFK4Jg9+h6s3MImtDhuI0rTBxS+lORu90b2E8JioeCogTR4h3NndwfMwgMXUajAQb8QM4L0QuwFJ6D6vcWD5gwb9Lj5dBm2LjtgODFwDAMFRd1C8wRf7dQ6TGXcMOKRYq4pcMno7qOJdDWSYTFqoAUO0Mxsg90GBIp8IkycF2INOovmKM3F7XAXcWKDQxWG8GnAJcPqr6OzlWICoUoYqPoJjLdv2l7KLw3O1iV+KqV5BSLtgQk8q5ZlY7K3TNKqZA0jxBSWS00StyMtyM4g0RG7Khtm+8Lwa7gckUZDAXudqhPEjVncxkqWCmLiOxC+6mJ5hMtBmCRhzGYrPMt2CO8wsddYim6ylxy/qxHX3gRUovzAyZdkEjA0LT7wMbOan+Y1oDhx/cMqIFLXAITCnKRYhHLxwZlE55gy+KnzAqKdXiXLiUra/zEBZGKRBSluyS6ZPTlGlX25dNN0qOrYuyG9tCdMfBMmfQoIeYZyzRqMsUXPMERFvSpuH8CLZipsaj6ShAs8TcPqjCYKtwMljKSlAgeIiu3siKaHxLSWcIOR6LiVQKcsOCvmU4avFwHTh8wyKfUxJDuMHdARoYrv0yTO5l1Lg9DcrHOquAh/eUO7mfuByQ1zEaD5jABbF3E2Dlu5fmrzUzZ/H/7ELxwVEEz1cFRPpf4qMiXT3ghsNIfVGXhg31mZDhEY6nKWHCkftTyyugajuZP4MEu3JtsTwR6AXMdPzSAzv33LQG+IpGlS6vDdEEFWG5wT8S0wY44GYauYMKRfBUAJ+5CQxZgPypZIPiWAg92oBR7DDbPvy4AJsqv2mTWJ78xQMhA1J7ghCGwWIIE0oV+8KNILlZhfUu/qg2b2qymM4U4XHI5M0ReFWwYEoUEoeZxPcjO5owxZh7lvmWrIkrYOQhpqOIpgd/cSoVJvogOiZ4PsldgyvBA6I5kjxB8l+IXaYRgVAkWQmUXzFmSPvExwY7RS8SiS3yQupXF5l43mD2xBIgKnDGGUTglbmMVmFYd19Sd7mzAisYGTSLzLewwrTxh4wEKc36Njwm0dehwaiwlqG+4uBXgRVRxyErBu6DFpWXS7YYvTLPpuG6jK/8AXDKA4ZasxOpTbNacwDWPNSwz0kBV0YONRckRgFlZgXqJvCDYWiudP1B9MSXS6jhr1plzALhHmBoaQk3gZdktDMMNsfvEb0y0zjFiL6N0eoLeYuEQtuM9QpK2GiKvggrgaXbFnYldkskLIuCGARH2uVT8RQ4yfMAv87F0wPTDlRRtmCIvZ8xb4L8RLy+8NBhEmbRqrliR4gQeYazeUe8c4/P1B9ABGqSsxa2NvIjiouqlWH4nGLF5DXcsVS95W6feP0PvFDA/MQNn3ixeh5nhGG3I1AqJz4QLkt1KhLXiB/5xt/rh7sQUoU7Qjih8O5SDsAms3xD4qClNQZ0eZiYmIB8I2QhrI/8AhJdlR+YjEyViLvyXXUPEWty23UZqyKvMuPQv3nP1EQ0EEeGPqBygURQidEsqDW72UlQrgg4Gf2xl7we871YGY++iNfcSgtIdzG1dkDMrpIEXX5i7jNeeziNKqYphZ3iFmI4Z4SnbKYC4RNqMAXcv1yzG5tH26lzr+IUp+wVPzfkCAVauomIoqMOL+IxEDxPC0FdyxADYeYUKoAqiExUxN/QfMsXEsMWcQxAAQ+o1KlkUOHEXgcpzAmQLXZ7wCVsydQscBFKsYxNoj/AnEtsHwlCjRYZQxQv9pXFbxDMMCsM3cMHHVo4WBtCAlz5InCR8w4hZnEdiG3bo1B0oXSyGoB4CeyUeY1EeSIqbmM02+ZnAQ6gwMByzhiFxe+63bcIwoagNtEs6ISlsnF7lditwhDzgMu2GIel/UklQCiFOJsmEeLYdQHDxPaxIxOCnVQlXsEusC7JmO+2GOFvEyS08XFqt0bnKBxL1SkF0h4l2uyEZmUHPZc2PsMp5ra6iJrNWaMczMhdytFPef/oywpfM6EdDFHBTcEALq6mlHgsilNsChouv/nMoADlu4mLVCCgKSlP3QbM9HKDX0RcAcwLUWtblBK9L9L+mN3iFw/SlxyxciC72VbT7Ee4XZ0r3qBWo06V+ZQe3yWA+DEtbzWVJcIXFMeuzozG//F9pmJDG7N8ZyViWku2iNAh5IG7u6/2UJbfJD26XJE72a0YgF/FiYc9kH+5/SVv7lhSDgxceuGnImPac7HzF6ult1VAweQ2SpKfonPNzaYPMQ0AuqTNPwYZlyEuVU+0xCnup8Q8VBoJXrcv0VhD6MsaFw6/dGGNWJUj7MUrJ7M/DAwS3TxL8etTIjDobsFxoq0epmZeHTKZWoptGOryGGrVwjHRUp3HWeFG/sEsr3lJbK/gw3V7FR4mfaW9PgqG0fIx04YDoPmfnQYPlfeVbYnS4b9ijFKwHipl5qN7XvNoJwRH3cSudSmEjL7qNy1RwpznqBm0CAXChqBUQSuIeYE2E4Iph7P8A+Rr/ALv+pRll7v8AyUOW9wgSDyMPlB+iOo1FCK3C5qKVLJBRYuDtTDn8o8yPzLY73ctn8n9JWG8mLhAT9NSt3Gif2RhlVyoRK9qws+JupYt3dp/KMgqmTuKYhKf5gQNWb4mWN8Q5IOSEJ7+wxTQ/ER5+KDcqMckYyWD0fikc8l6agkaLlyjJAGQNfKIlagg+21upxzMeOtEAHzKmEopwQsTmatg4rzEpKT4gBma5we0Fq+OmE7UCZcQSir4GafRHUYU00uZQG2EarWKlFyiurlb0Dphqk8mIgOhXLh9B+Z+KfqZUpcF/lWmT5iOwrsqPysQ1jAYlRusO4XbPme8Y5xviDW/al2fwRzgv2j1PvFf6QElXqBCoiMGHZAMd7CJ1X8RWCHvHNJnAR4OWqawhxMpbfwwxyYi18sqZIFFVEviOI7IooLU+8rg3ZqFjVdxcWRwjH2ioYdsAAbFFsYosv7kHH0W8sW4t0Q6ZHzCB5gUe8vZTe4F/0YDT+cXNBwhXYjxcqXQ4gILsM/s1A1RFbHwhiMUFUF/EucPnx/EbVnstw4Gcq4KObCotSD5KlTQyxf1h6YUL1mqV7Evov4UqLV04oa1RckjwjzauAjftZ9qhUIdBATA4gr/RU0i9VU0XiAAxhvFxIssw2uIymOg3MwxexNnprLEM7YDaWy1cMuaR0NJp9EZQ7RiwcvLL9d2KL/uG1SeIoCJ7TKIMZguZU3j7uUIzxC+f3KlRMVqfmQPQ+MtO+rmuP3QtyPun/ioC3R+WKAHus2DfJPwTwv8AbJhisftmAg8MuCPyWx1sEELRxessTFGV8WPPtCV/Uag7rAQacWgkCgwQ+iGUlSoEqJfoqVD99IEqJKzKlRsypWblZ9K/ZSVcqoiVgL16Kleh/wATZz6npzK9Cf/Z', 'ADMIN', 1, 1, 0, '2026-03-04 06:37:55', '2026-03-04 06:37:55');

--
-- Indexes for dumped tables
--

--
-- Indexes for table `attendances`
--
ALTER TABLE `attendances`
  ADD PRIMARY KEY (`id`),
  ADD KEY `student_id` (`student_id`);

--
-- Indexes for table `classes`
--
ALTER TABLE `classes`
  ADD PRIMARY KEY (`id`);

--
-- Indexes for table `homeroom_teachers`
--
ALTER TABLE `homeroom_teachers`
  ADD PRIMARY KEY (`id`),
  ADD KEY `class_id` (`class_id`),
  ADD KEY `teacher_id` (`teacher_id`);

--
-- Indexes for table `students`
--
ALTER TABLE `students`
  ADD PRIMARY KEY (`id`),
  ADD KEY `user_id` (`user_id`),
  ADD KEY `class_id` (`class_id`);

--
-- Indexes for table `teachers`
--
ALTER TABLE `teachers`
  ADD PRIMARY KEY (`id`),
  ADD KEY `user_id` (`user_id`);

--
-- Indexes for table `users`
--
ALTER TABLE `users`
  ADD PRIMARY KEY (`id`);

--
-- AUTO_INCREMENT for dumped tables
--

--
-- AUTO_INCREMENT for table `attendances`
--
ALTER TABLE `attendances`
  MODIFY `id` int(10) NOT NULL AUTO_INCREMENT, AUTO_INCREMENT=110;

--
-- AUTO_INCREMENT for table `classes`
--
ALTER TABLE `classes`
  MODIFY `id` int(10) NOT NULL AUTO_INCREMENT, AUTO_INCREMENT=20;

--
-- AUTO_INCREMENT for table `homeroom_teachers`
--
ALTER TABLE `homeroom_teachers`
  MODIFY `id` int(10) NOT NULL AUTO_INCREMENT, AUTO_INCREMENT=21;

--
-- AUTO_INCREMENT for table `students`
--
ALTER TABLE `students`
  MODIFY `id` int(10) NOT NULL AUTO_INCREMENT, AUTO_INCREMENT=57;

--
-- AUTO_INCREMENT for table `teachers`
--
ALTER TABLE `teachers`
  MODIFY `id` int(10) NOT NULL AUTO_INCREMENT, AUTO_INCREMENT=14;

--
-- AUTO_INCREMENT for table `users`
--
ALTER TABLE `users`
  MODIFY `id` int(10) NOT NULL AUTO_INCREMENT, AUTO_INCREMENT=162;

--
-- Constraints for dumped tables
--

--
-- Constraints for table `attendances`
--
ALTER TABLE `attendances`
  ADD CONSTRAINT `attendances_ibfk_1` FOREIGN KEY (`student_id`) REFERENCES `students` (`id`) ON DELETE CASCADE ON UPDATE CASCADE;

--
-- Constraints for table `homeroom_teachers`
--
ALTER TABLE `homeroom_teachers`
  ADD CONSTRAINT `homeroom_teachers_ibfk_1` FOREIGN KEY (`class_id`) REFERENCES `classes` (`id`) ON DELETE CASCADE ON UPDATE CASCADE,
  ADD CONSTRAINT `homeroom_teachers_ibfk_2` FOREIGN KEY (`teacher_id`) REFERENCES `teachers` (`id`) ON DELETE CASCADE ON UPDATE CASCADE;

--
-- Constraints for table `students`
--
ALTER TABLE `students`
  ADD CONSTRAINT `students_ibfk_1` FOREIGN KEY (`user_id`) REFERENCES `users` (`id`) ON DELETE CASCADE ON UPDATE CASCADE,
  ADD CONSTRAINT `students_ibfk_2` FOREIGN KEY (`class_id`) REFERENCES `classes` (`id`) ON DELETE CASCADE ON UPDATE CASCADE;

--
-- Constraints for table `teachers`
--
ALTER TABLE `teachers`
  ADD CONSTRAINT `teachers_ibfk_1` FOREIGN KEY (`user_id`) REFERENCES `users` (`id`) ON DELETE CASCADE ON UPDATE CASCADE;
COMMIT;

/*!40101 SET CHARACTER_SET_CLIENT=@OLD_CHARACTER_SET_CLIENT */;
/*!40101 SET CHARACTER_SET_RESULTS=@OLD_CHARACTER_SET_RESULTS */;
/*!40101 SET COLLATION_CONNECTION=@OLD_COLLATION_CONNECTION */;
